iso_id,total_population,weighted_income
001a50da-023b-41b8-8243-921086a263af_8min,69862.0,130476.42008531104
004d1e46-4e9d-4911-ae29-f0af4681c35e_8min,78172.0,84586.5021618994
0069d782-cb18-4ce6-9be1-67eee007dc50_8min,113366.0,121598.55678069263
00ce47d5-255f-4b1a-b283-d856e0f010c0_8min,137383.0,76046.21284292816
00cf5a22-32df-411f-80db-ee2ba31a2d59_8min,189674.0,85354.64050950579
0102a9f6-b57b-4cb5-8262-bc5f4b93ca61_8min,112913.0,98366.28042829435
010cab8d-90e1-42e9-b459-9fe17227db71_8min,135520.0,83291.2560581464
0140a655-b523-46e8-aed2-34bcaea1cb0f_8min,119554.0,102228.36258929019
01854994-801c-4643-882b-45ff4a1e4d05_8min,127204.0,146413.26964560864
01955f22-a13b-4d0a-a3e9-0c79d7e65c7f_8min,214766.0,63315.59309667266
01b51b68-993f-445c-a3b2-05c073570cf9_8min,66246.0,63224.25298131208
01e71b5c-1570-430c-82fc-9d5e76a912c9_8min,110951.0,135076.6890519238
022a6450-427f-4a20-8c21-cccf2a94551d_8min,89684.0,142583.202009277
027d24f1-df3c-45d3-9968-5599165889b8_8min,107194.0,72520.3352799597
02c8d25e-8bbb-409f-a727-3789e89b3edf_8min,189392.0,88807.03864999578
03025da0-cd84-4d83-91f4-fe01b267d86c_8min,68773.0,126223.87308972998
03a3010e-654f-4dde-af6e-b016ee225852_8min,96490.0,148892.40116074204
03ab9809-b9fa-4cac-9760-60435ba0942a_8min,93942.0,61443.38639799025
03d04214-aeb4-4c28-847d-feaeedc0b0db_8min,92036.0,104543.39905037159
043032f0-b8c3-4e10-a3ac-e896b389a95f_8min,155447.0,108994.49024426332
04b93609-667b-44b7-bdfe-ac741fa2fef4_8min,49370.0,109336.60789953412
04c0112d-4dfb-485e-bc55-7720926a23a0_8min,80926.0,135541.218829548
04c40bb9-b14e-47b2-803e-341c8cb3210f_8min,127803.0,111862.26101108738
04df8100-2353-4f76-bae7-aa749dbaf170_8min,171547.0,131800.6065742916
04fe02e2-55e7-4217-9523-964caf127bd7_8min,133716.0,93060.3132011128
05230fb3-7e33-45c9-a0d5-54c749f604e9_8min,195179.0,149130.0091761921
054dec44-f4e9-426a-8e8f-21a06d3e7f27_8min,100171.0,136471.34312325923
05b24050-32c0-4195-ad26-fb071c883502_8min,84187.0,113322.54289854728
06305eaf-7007-4fe5-8c20-5cc449a13383_8min,64613.0,171872.6433225512
06b369e1-1a1c-49b3-bb7e-854868773be3_8min,119590.0,66804.9313989464
06b4695e-b5dd-4b6e-8c99-e6d2ce3b035d_8min,114323.0,137707.74295636048
06f294eb-6b51-469f-8e07-a80f4c778fdb_8min,98503.0,177067.54654172968
075c0b54-db84-4fc7-9dea-38a5f4a86670_8min,108171.0,139680.79046139907
07718da1-4259-4639-9c1b-ed9b11aab3b0_8min,249209.0,119955.19277393674
07ab789b-3c14-4903-bb46-8f9f890917d4_8min,188709.0,124727.7846207653
07cc5fa0-50c6-4484-9f79-7e7e967695f6_8min,134327.0,107569.49000573228
07d6c6a1-9ff7-4833-89ab-e042eeceac37_8min,107883.0,92915.23198279618
07efd5ab-b59c-493d-b481-e75bad731f87_8min,74247.0,72168.84105755115
08715b4b-72d4-405b-8ff8-1141c26c8955_8min,135013.0,133443.99609667217
087cc6cd-e368-48e8-b735-1f6d27f8715d_8min,101545.0,90854.74996307056
089e247b-4b47-4369-bced-c08371380546_8min,209178.0,67464.70659916435
08ade1ef-88e1-4e62-b9f2-52ba1868170f_8min,62783.0,107551.17601898604
0902ce40-3537-47f4-bbab-a3169c2b0aee_8min,96747.0,152728.77780189566
090b341c-e411-4bfe-93db-00dca9120002_8min,168883.0,172541.2144502407
090cb168-7f83-4ae5-9dbe-9b9e4a5c7959_8min,126064.0,133471.7317156365
0969bbe8-8f6d-4762-8bd8-8925d6035e7d_8min,124391.0,137792.4664646156
0983cee1-0de3-4b70-88ab-1a0df678d58d_8min,180090.0,64273.416619468044
098f68a4-a208-4571-b780-a7a84bb11c23_8min,143423.0,120813.21001513007
09bb0ee0-aa1f-4c5a-bba3-c0ac53dcc591_8min,61461.0,93859.67595711102
09bce986-53d9-4b52-a8b3-59041bb13204_8min,170630.0,61253.089351227805
0a48b6cc-6750-463f-a114-d8aa007add30_8min,176391.0,108571.40121094613
0a5acbb3-cfd0-4ebf-b5f4-c4fcddd6680a_8min,91764.0,117455.53106882873
0a68b3a6-5626-48ce-9003-04e7c6786c08_8min,94273.0,79846.2446087427
0a8a88f3-e628-47e8-aa14-a0828f34063b_8min,87753.0,130701.3161145488
0a9108e5-ed16-4b95-b5db-4849a6e08632_8min,61830.0,71838.47087174511
0a963bab-5b7b-48c1-8749-dddc66630d78_8min,91580.0,207722.65449879886
0ab0dd85-9cc4-4694-84b0-79d8aec735cf_8min,198055.0,109303.0344399283
0ac852dc-f223-4a1a-9684-ae79ee8cc06f_8min,141763.0,110240.61884271636
0adfa543-0194-4da2-bad7-0785a486a5a5_8min,130032.0,95489.97065337763
0af5ef43-47b9-473d-b0ae-59ffc3a79c0b_8min,137821.0,84461.19131337025
0b39685b-39e7-4ecf-b0e7-c61156b1afe8_8min,104417.0,94047.36404033826
0b58e83d-d28d-49b1-a752-fe3c11f44c33_8min,225356.0,147856.26695983246
0b71e409-8455-4de7-84bb-3d8606ef4046_8min,105124.0,92157.171635402
0b73601f-a942-4f5a-ab94-88f032430a3b_8min,64648.0,66643.73134513055
0b9bb90f-0870-4bee-8b4a-32e86d140c46_8min,139156.0,90401.1700609388
0bee6838-5ec7-4091-952e-01c9cef96d64_8min,166299.0,89315.05366839247
0bfa65fd-57f0-4b83-8ddf-4f708f527195_8min,162023.0,52704.043617264215
0bfcefbd-b588-4290-a9e8-7350ac458b44_8min,110306.0,64344.714856852755
0c57d64c-fdb1-462e-8b66-a43679716d83_8min,137406.0,90420.24854809833
0cd6f050-1387-4b2b-9298-786692005210_8min,155988.0,105980.5894107239
0cf2ad6c-d6d2-40a3-af28-b2ea8b246af8_8min,66161.0,145337.2300146612
0d13fbab-b23c-4192-8855-c784850de0bc_8min,69251.0,59869.73067536931
0d2e5c67-a06a-4d73-96b4-af07112da244_8min,168419.0,64895.84960722959
0d6f25a9-db2b-461d-a09d-e467abb69933_8min,70163.0,122675.3693399655
0d7bc53c-f1b8-4f41-9737-4408d07ef4b1_8min,185975.0,55359.057937894875
0d82bcac-10f1-4ce6-bc2a-4a8c9c63cdff_8min,82757.0,110049.32492719649
0da2855d-ff9f-4191-8d64-67a6c6ce3b2d_8min,126110.0,114698.85943224169
0e210eb9-57c3-4e82-97db-da39ca8b4728_8min,127199.0,89928.52214246968
0eda324a-8659-4b85-85c2-7e7291004d66_8min,176257.0,149834.11472452158
0f0597cb-5e25-4e00-b3f4-e5674fd8e87e_8min,248796.0,142474.87481711924
0f0c8b0b-f04c-4c27-bed0-f7717983c36c_8min,129053.0,154407.11662650228
0f393421-3872-463e-a4f0-572696fe31c6_8min,100821.0,147986.52205393717
0f839148-1ac2-4aaa-8875-9dc147022605_8min,169411.0,78202.09862405629
0fa24b4b-99d1-4836-96c5-65ffefd6feac_8min,94991.0,69856.82303586656
0fba2c3d-9d6f-4028-a05f-6b65a933dd85_8min,193866.0,101783.42448392189
0ffd56b6-30f2-44f2-a19a-69405c4a12d3_8min,85743.0,72846.83505359037
1021e151-bc81-4db1-a9e2-ec9e79236cc5_8min,81503.0,116186.28695876226
104af994-b88a-49d1-8e0f-8e30a444cbaa_8min,59892.0,90853.98953115608
104f5a96-ef73-44c7-9314-81b740f4ff5c_8min,247701.0,97051.14873173705
106c9c36-4147-4e80-92b0-23db88f0535d_8min,75279.0,100805.5041379402
10905774-79bc-464e-ad79-2aedbab47e3c_8min,139646.0,117525.26373830973
10b6bce6-5682-44ee-97c3-5082c9d65c5e_8min,99529.0,109471.84768258498
112bd9d2-a392-407f-b302-0da3cdc59c07_8min,74226.0,159569.14381753025
11470a94-56ec-4984-8ff5-d0a1707c7cb7_8min,54562.0,179653.37934826437
119123be-059f-4ba1-861a-c42447fd3f89_8min,110817.0,149728.54625192884
11cefd47-991c-4825-9857-8f26b862f32c_8min,177978.0,130018.40691546146
11d93f07-28b0-4079-beef-774b3758471b_8min,80070.0,101495.02788809792
11f41080-bd96-4862-880d-3c39623cd443_8min,146602.0,67030.61795882731
120fc597-b19f-49b0-b7c3-8e2427ac4055_8min,65397.0,153713.32579476121
12c01827-5d8d-4eef-bb84-37ac34de4dd1_8min,194086.0,112030.907309131
12c05a30-2645-459b-a7ae-6097fce30316_8min,58082.0,65868.39365035639
12df4080-5b38-4667-a559-30a6ed1834c9_8min,86308.0,114584.10777679937
13257d89-0f38-4af1-b318-7655e310dbde_8min,110459.0,130798.18446663467
133fce2b-c3af-4485-8587-88332d44bbb1_8min,155033.0,65271.164087645855
13760cfb-9194-4cce-a2dd-89ab14b3fb32_8min,146701.0,53632.92061403808
13d3bb5e-c653-4f6f-aa17-197bb3fe1bb0_8min,165164.0,132035.00153181082
142361b9-3b50-412a-8339-e86b590465f6_8min,53591.0,120180.55124927693
144486d9-c9f4-4702-86c7-01ec932e2a4e_8min,78907.0,84852.10460415426
146d24d5-8849-46dd-ad96-86f4a912ed04_8min,114627.0,124790.16558053513
14d363a5-9210-4d4e-aa2b-59af388d5a84_8min,80324.0,90846.43106667994
14d4b8ad-a8e7-4ecf-b2a6-554433d47f12_8min,60566.0,145678.99882772513
14e1bb20-3567-4b37-be22-ed11d09c1f39_8min,155298.0,45055.04296900153
14f55a59-0c45-465d-80b1-6b82ce959ce2_8min,123315.0,72548.47556258363
14f5c03f-a2aa-432a-94c0-3e883dc6c603_8min,161625.0,69457.18702552204
151eea66-e432-444d-842d-562c11fb8e65_8min,90760.0,82709.5886403702
1586633d-98a6-43fc-bac7-b7675693d140_8min,40435.0,201832.00304191912
15b9e588-bddc-49c8-836d-249c986b1668_8min,170114.0,69772.71254570465
15ee6b67-bee1-497d-a4b2-ce8f4b33445a_8min,205709.0,68751.11757385432
1667e0a7-e8f6-4d64-b1ad-f3fd6c92028f_8min,82470.0,124404.01966775797
167beb1d-059b-4e0e-a4d3-7f26ea88b283_8min,118874.0,63448.431843801
16c13609-c4a6-4bb0-9069-c3bba7f21e56_8min,172741.0,75041.92401340736
173e0181-b891-452c-9cf6-feb3c60c8a4e_8min,174205.0,73565.49561723258
1742db2d-5b42-41de-b46a-de5cc51892ab_8min,102221.0,138366.3117461187
1755cbfd-e344-4bd1-b419-6bd662be651a_8min,132297.0,178573.08542143813
1760e9c2-cd38-4ccb-90ac-b4d4e244016b_8min,83811.0,117145.13958788227
1793ebdf-91f3-460e-86e9-381d3b054955_8min,272978.0,158848.41305892784
1794587d-b411-4583-adcc-27535368f32c_8min,81231.0,128113.41980278466
17bc2043-4a9f-4178-811e-87fd7d8f4733_8min,74250.0,137119.8026936027
17c49090-2e00-4169-a23f-706848ae0b46_8min,128630.0,96485.9859908264
17eccd1b-5d6a-4e1b-a668-9b8276572546_8min,97613.0,61698.701238564536
18316103-2c02-4319-bc42-07331998b192_8min,83294.0,104648.00202895766
185e8e2d-ab90-4bd6-9c2a-5ab9851e9e64_8min,149431.0,106812.5349893931
188f62bc-3bf3-4207-aa15-abd2773c02dd_8min,71671.0,80803.24202257537
18c598cf-32cf-4ade-86a7-e339c3bcf030_8min,127173.0,75300.83112767647
19046b87-ba9d-49b1-a54f-24faf0c8b32b_8min,238466.0,138052.8222849379
191d1238-eb4c-42e4-9cf4-15f82ae6a55b_8min,148235.0,118697.69474820387
191ef85a-0e83-4c90-b3cd-17f820235f59_8min,75553.0,130569.16714094741
19567e84-9f78-484e-aaf5-4b385c7018c7_8min,173498.0,86947.597782107
19eefedb-1008-4d19-b7fa-f0cf09d4ef94_8min,97522.0,80185.49934373783
1a2f2375-17ff-4c8c-a8f7-9d50d2b43501_8min,51217.0,72696.01079719624
1ab01e39-f70d-4059-a200-5972f9eb5176_8min,245828.0,159837.70318271313
1ad5594b-775f-4750-bc8d-b4d0b820533a_8min,134459.0,95334.37323645125
1af9e871-ff9b-4bc8-b580-e3ec825aae46_8min,197641.0,111650.70865862853
1b0f259b-1500-4f83-85bf-21a22f0913b4_8min,132045.0,152807.2166534136
1b123a17-659a-4c85-9d2b-e009f1627c13_8min,109402.0,143074.13014387304
1b74e44b-7b3d-4627-9f63-e4b59105996d_8min,123140.0,131720.125125873
1b912086-38c0-4d3a-b49f-36ab695aaaaa_8min,138988.0,104046.97385385788
1b9deb0b-5e65-4317-a256-3c92c72ca8dd_8min,108772.0,114625.48273452726
1be0cdb8-203a-4803-acb6-45b99cba48ec_8min,61362.0,162468.259052834
1be81cc1-ec69-40b9-82ce-2bc9faaac889_8min,117381.0,113930.01467869586
1bf6dd42-421b-4c56-a0d4-2073e95faecf_8min,76220.0,135452.8972185778
1c48a405-5540-4b0b-8983-e7f029b3abed_8min,96517.0,83895.77390511516
1c7c5751-3827-4ab2-9815-b18c965d566b_8min,116614.0,182231.52374500487
1c8b93b1-3615-4d9d-89f6-b85a6da33e5c_8min,205761.0,75211.2292805731
1cd3b33f-2c3e-452e-a1ad-17ca97962eea_8min,101598.0,183337.93580582296
1ce9fa59-f94c-4d7d-b65e-8de27e89cc13_8min,111405.0,131172.17752345046
1d0a9239-0404-42aa-8af4-f53c42cce00f_8min,88329.0,88979.01102695604
1d1006f9-2d25-4647-ba84-e550711904c7_8min,174255.0,201192.06329804022
1d152e35-6ace-42b7-8bbd-e69a846cdf97_8min,101849.0,105776.00363282899
1d3abf72-5fc4-414b-857b-a2f536912379_8min,94491.0,113695.18715009895
1d4bbb66-bd45-4f4c-9daa-b9a1a689e949_8min,91754.0,136070.7444798047
1d4fc763-f8fd-4c68-b8c1-029d8076e811_8min,165209.0,102625.4223377661
1d5206e7-6643-4e9b-b488-655814127b6e_8min,203092.0,70732.00492387687
1d7ccace-f3a9-4921-bc8e-2fcc302b49a7_8min,118561.0,129271.24654819038
1d82b5c1-7b0b-4236-93b7-f78bc41ab9f2_8min,72169.0,79641.17592040903
1dbcfa51-5f6f-41a8-855c-c13223bc2acc_8min,108128.0,98127.48058782185
1dd3133b-f0d3-491e-b8cb-5f50bb379249_8min,69666.0,124054.25716992507
1dd50fe4-96c3-4f12-bd36-e30218ec25ef_8min,69870.0,63320.38159438958
1e5d32e9-e615-4b83-8df3-393c1123b632_8min,46227.0,141750.42215588293
1eaedcf3-cde9-4406-8374-dc17f71fc11a_8min,103269.0,126102.22126678868
1eb77075-05e8-4e38-bd30-66fcd70383fe_8min,105641.0,69110.12087163128
1ecf3328-2df6-4395-a389-ece010ade7fe_8min,99180.0,191254.2061302682
1eefbfea-65b4-4923-8fb1-057b56a88bd3_8min,65717.0,114709.46668289788
1f0f0ac6-2ad3-4fb1-b3a5-93d5b3cd986e_8min,26605.0,70686.3589174967
1f6f9184-8ece-46c4-91ab-b82c3ec08a3c_8min,164954.0,76980.51604689793
1f7ebc89-5e78-4eb4-9aec-748c161957ec_8min,149295.0,101340.15636156603
1faa178b-732b-4b4e-a2c1-9a20e90d5a06_8min,49416.0,107677.0779909341
1fc0bc00-316d-444a-a8cc-ef1a54c5ee83_8min,106948.0,99668.73482440064
1fd067d7-4885-4ac3-b3a0-c967fe7d2a2e_8min,18840.0,115218.53237791933
1fddb042-1a4a-4c7f-b8f9-b2804ded02a2_8min,107550.0,141539.43631799164
1ff3b38b-cd4f-47bb-88d6-d8334703305a_8min,75850.0,90655.21688859591
1fff2c97-d2be-4024-86e9-ad8ee366cc72_8min,78600.0,96645.51507633588
200baa72-a6b9-4bf4-96bb-db96a1e9933e_8min,90497.0,125219.21514525343
2025027e-8a6d-4f75-bf84-70f34cb12ca1_8min,166100.0,115615.64453943407
2048f249-8fdb-41b3-9385-8f7f4c97841f_8min,110055.0,115069.13107082823
205b961c-6b34-44db-b33f-ecdc02b5f962_8min,171705.0,121993.80514836493
20640046-f8b0-4f90-b92b-cf57433cce60_8min,43414.0,85124.8842539273
20950e79-6177-49cb-ba4e-04f492428bdd_8min,218531.0,174412.8242583432
20f57073-50af-4d9e-b06f-2a4fc1ba4fec_8min,94162.0,110958.73679403581
2113fd6c-7dc5-4ee1-8977-b057b5e0b246_8min,193165.0,97287.7777185308
2118a86b-cfcd-4798-a1c6-013cdb7decf1_8min,116263.0,61092.936015757376
211f3150-3127-4467-a41c-1eb4c38e4690_8min,131717.0,82497.12042485025
213c0dfe-acbb-4bb2-a42a-e0d5189d26c1_8min,167547.0,75105.30452350684
2145a76b-b7e7-4656-9c7c-41ebca067bc4_8min,75742.0,160784.0268147131
21615546-7a5d-4edd-ae7c-9600abee51b5_8min,54951.0,58473.06152754272
216976bf-d7ac-4346-827c-ff770c19e6eb_8min,74384.0,135951.38516347602
219ff803-fc75-4484-a566-907a29d05560_8min,83352.0,206178.3454146271
22d829d2-c4e9-41fe-b394-9e5f341b498b_8min,230074.0,92144.94431356867
22e8654e-6146-49c5-9006-5e9ab3e9477d_8min,233740.0,149186.47725250278
22ed85f9-0ed4-4b63-a17c-9325df179eeb_8min,181875.0,98794.25810034365
2343d83b-1d74-4ed7-bec0-39402963b9dc_8min,63873.0,62127.529237706076
235057ba-443b-4a26-98f0-eb147c91cba0_8min,71356.0,97263.97136891082
23687b51-a3e5-4da0-8404-c8962998619a_8min,112872.0,105994.91787157134
23b5fa60-f6a3-415f-a65e-0cb5c076da79_8min,154429.0,93345.46720499388
23c12aaa-c062-4f93-912c-a260834cbd3f_8min,84338.0,174187.99569589033
2403bee6-d285-468a-87e3-52a7239dbf06_8min,223513.0,107023.28409085824
240e47ad-6f16-49c6-9642-5af6833375ac_8min,71129.0,88767.28185409607
242b6ccb-f78f-4152-aaa3-3b1e6c0033e6_8min,109846.0,101911.3250186625
24dd64b4-2614-44fb-a1d9-3c82901d4e54_8min,162403.0,120792.84314329168
25242112-57d6-47d5-98ee-babee8a6fc55_8min,128394.0,101900.46092496534
253ee5b8-38e2-4b3a-bcfc-ba111042e7ab_8min,134442.0,62721.194805194806
254e22ce-6c1b-4c07-b8e1-7d48ded754d7_8min,75784.0,165898.1906602977
255320d3-94a6-4b72-8b2c-1095700e048f_8min,105582.0,147885.80921937453
259ac27f-0e75-45ef-a64d-a39ba588af8f_8min,150779.0,52614.78721837922
261d17b9-6429-4a93-981f-978814d65115_8min,57229.0,86674.70670464275
264f4064-e2fb-4e5e-bf9a-16c545ecd116_8min,68389.0,76735.22567956835
26763ae6-6b4f-49d6-aacf-3a1785ab9598_8min,135647.0,90192.80862090574
26d4e014-27fa-47d9-be54-40f3c82c2633_8min,133968.0,107425.88818971695
26e857aa-d5e2-45bf-a8d4-fb717eb8a833_8min,108460.0,125605.8539184953
26feff69-fb16-4792-b6f7-f24a3816419b_8min,239844.0,129594.66812177916
27350688-c9ea-41b5-af5d-12fcb4b6f240_8min,143602.0,93976.99371178674
27793b48-dd34-4e7d-9a66-3ce55c9b553f_8min,78465.0,97770.63841203084
27d768a1-b2c6-443a-8bbe-92c33771ce07_8min,187114.0,95885.93454257832
27e31d11-e5b4-4270-b27c-69e68c04ccce_8min,165413.0,96692.13951745025
281104c8-3948-4583-a998-e87439c3b2f5_8min,75612.0,155094.2678146326
28689686-0842-418f-978b-dbc1bed88f5e_8min,42539.0,62576.1426455723
287386af-6673-489d-8ca2-73018e2c8abc_8min,175850.0,115735.4785157805
2890f72e-b3e4-45b7-b954-77677463f7ba_8min,109923.0,54903.14160821666
28ee5c24-854a-4777-bb53-42a0d919ae25_8min,116211.0,51973.005292097994
28f91413-9af6-4361-9d71-db5070465a64_8min,117510.0,116511.30512296826
29357110-6157-4a16-a4fe-6686ab65bb0f_8min,59668.0,159054.25092176712
295befad-e471-432d-b381-31a6d55ed80e_8min,103756.0,94511.87250857781
296881bb-6347-4815-b246-329b637fd0da_8min,116017.0,56175.97534844031
29ab7295-a2fd-44f5-89c8-108aaa677e9b_8min,117769.0,103380.95970077015
29d6c049-bbb5-42d1-8068-020f1a051122_8min,81764.0,107855.00607846974
2a2e3ed7-1279-46ed-986f-717614af385a_8min,136220.0,127654.86799295258
2a5a5bc7-ea4a-4a2a-b166-56ce5e6ee7e2_8min,81274.0,116037.66534192977
2a67f1b9-cdbc-49bd-b1d8-6e2a37051a9c_8min,101750.0,94763.59773955774
2a6c3f24-9d94-4a86-a92b-50690818857c_8min,150821.0,73958.12349739094
2a792b14-cd1d-4d53-9ba6-65e66e8b049e_8min,173819.0,102637.56484619058
2a8c532d-8794-42fd-ba3a-247175fd985f_8min,70459.0,120273.67427865851
2ae9d9fd-9fb7-4041-90f3-2800a30e8618_8min,196612.0,92376.05405570361
2aee062b-ad33-44f6-a8a3-ec98408a8df2_8min,116780.0,115802.10249186505
2aefec86-27f1-47ec-bc94-7fb586956871_8min,138601.0,96287.72372493705
2b06e706-80e1-47ea-a1d8-ccc42dba8a46_8min,175802.0,192058.3456104026
2b0a000f-d8e7-4130-9280-047187c61684_8min,58676.0,82998.73854727657
2b3644b4-fde2-4d6b-90ff-7db2d3fda62f_8min,243606.0,86986.09115128528
2b3c4728-911f-4dc8-b914-69067b0b9e7f_8min,72516.0,86194.55609796458
2b4f8fe9-93f5-4190-bf62-db2575a69263_8min,94428.0,173361.42018257297
2ba85c04-db4a-454d-bff9-daeb93d96154_8min,55136.0,130424.22239553105
2becd7f9-2d32-44e8-9a88-3d39e0df3b63_8min,100256.0,126802.91803981806
2c4c04d1-cf4d-49cb-a4f0-0ee492a815ee_8min,71893.0,102953.51454244502
2d183eb4-12b7-4a76-89da-58979d808982_8min,146948.0,57815.04946647794
2d29586b-62bb-4098-bd91-e17d17e5aac0_8min,73225.0,119916.42581085695
2d61a874-3ca5-4c5e-bda2-d7ee88d0a6f0_8min,118700.0,106130.86465880371
2d67f6a6-3fd5-4c5a-a1fc-41d7cf6d485d_8min,90975.0,89197.66077493817
2df1c5a2-a73d-43ea-95ce-500d18b5d584_8min,70984.0,100060.87898681393
2e43cfaa-7ae6-4eb9-be35-e09f15c576a2_8min,61330.0,58495.38713517039
2e844732-1f98-48ab-9f40-e6bec322d3f1_8min,121722.0,82009.63719787713
2eb79fa5-3370-4ec1-af11-5909b6bd72d5_8min,85012.0,122151.40650731661
2ef00ad3-afd0-4b17-afd2-c670f1bb68eb_8min,111841.0,116393.00887867597
2ef9aca7-8deb-471b-8066-e044fc86e2d9_8min,99870.0,95079.5894062281
2f06c3ac-3d69-42b5-b10f-80659cfe934c_8min,125550.0,97718.74867383513
2f5f7a8f-3eb2-4b87-832c-db73a6991b09_8min,86198.0,95615.04370171002
2fa5d86b-06f3-4422-901b-90ee74aab54c_8min,129682.0,185502.85668789808
2fac59ee-1ed8-4e19-984c-2177853aaf08_8min,93459.0,84302.67713114842
2fafc95b-a5de-48f4-ac37-fb054fbdf84a_8min,115582.0,134956.36365524045
2fcdef47-34df-483b-b921-cd2b830da8f0_8min,245729.0,127986.03560833275
2ffdf311-bd3e-48c7-aabc-634856fefabb_8min,64771.0,76711.09053434407
3021be5c-a7b9-4a1d-bec7-43f5f9e5f5b0_8min,53695.0,116195.45523791786
31196000-7f87-41e6-be5a-080add5a4f20_8min,178262.0,63679.008403361346
31369e2f-40f6-44c0-aabb-6afb9293381c_8min,105220.0,113939.47447253374
313f179b-306b-4180-9c50-f4ffb2c7be7a_8min,205741.0,85128.96293884059
314d50dd-5bba-4299-a108-4dd410a933ef_8min,115845.0,94530.4595105529
31558489-b876-47ad-8871-561fbda4f499_8min,92174.0,93227.86191333782
31931b55-880b-43e0-88e9-6ffeea446876_8min,87970.0,79990.19877230874
319332e0-c88b-4f17-a258-2831df6d10f1_8min,142459.0,103331.22216216596
31a7840f-96e2-4ed0-9fc8-8879652fd5b6_8min,147596.0,100290.29190492968
31b37289-5894-451d-9685-9c4151f4ce46_8min,109387.0,119707.09398740252
31ba57c7-085d-4654-a36e-a77eb40a3db4_8min,55540.0,101058.01994958588
31c1ef3b-75ab-4d0c-ab03-94e06bce6937_8min,48615.0,105089.58553944256
3219688d-ecab-40f0-b7d1-29ca38428601_8min,242652.0,93808.02663897269
321b9ab8-c506-11e7-985e-0648b611ac08_8min,94358.0,118293.13247419403
33329627-b582-42d6-8caa-fb401c29fda9_8min,85832.0,133424.44236415322
334aaa97-fead-4ac6-93de-07c2a016375c_8min,146710.0,115920.62261604526
33558c21-cc77-4b12-a455-9d609d9bb8d9_8min,134463.0,139984.21257148805
336ebbcb-3fba-4e58-9753-329c4f63c6d0_8min,87712.0,76853.65503009851
33a99912-2764-4bce-ba26-d9e04da71a0c_8min,184460.0,149711.9627561531
33b12a3e-bbf8-44c7-8fd6-14cc86a0489c_8min,209469.0,149085.5960261423
33ba3f28-7ace-4b0a-8af4-091f89c01136_8min,153687.0,71619.0913284793
34fc8738-eabe-41dd-98ee-8a27f3696bc1_8min,63129.0,92047.25899348952
353b38a3-9648-48c9-a721-a779ae89205e_8min,113700.0,165438.66010554088
353c48eb-18cc-490e-afff-62f0ddd71f0d_8min,152721.0,109060.62709123173
35d46697-d89a-4433-a5ce-f41716d37bdb_8min,105409.0,66624.59826959747
35dabff1-aeb2-4d87-99c4-5d799bf6aa73_8min,122844.0,137497.0166634105
3631646e-8e52-4761-9da4-f47be5a23586_8min,70750.0,116496.52378798586
366a36c7-c042-4dd1-b9d1-7cae0ccb1aae_8min,122195.0,130327.7851957936
367109e7-7bc1-4295-b972-8f1e1af49922_8min,90058.0,87495.32443536387
36992807-3d73-4d4d-9d53-bb9e4f1ee681_8min,113509.0,92737.18306037407
369ddbc3-1093-4de1-a4ac-e26ad33d6ade_8min,101296.0,80679.7144704628
36b825d3-dd35-4f1f-ac91-e2a7fd9a0c62_8min,94220.0,133310.5968265761
37760397-754a-4a50-81ca-87b63bc0fae8_8min,88022.0,127569.07416327736
37f59c09-519c-4416-ad47-4cabb3840929_8min,119237.0,89923.64389409327
380270fb-03c8-4b38-89f7-240f749ed431_8min,163603.0,203480.2727333851
3820e690-4c04-422b-8873-561d1b567b6f_8min,71760.0,121912.72479096989
38564330-a46e-4142-9e78-4b5674f9b6ea_8min,76534.0,91826.8115608749
3860c95f-ba5b-4093-8232-f0e5de8fcd8c_8min,42613.0,125987.82632060639
3885872c-fb6e-4d19-8886-c5d024b7c2f9_8min,159931.0,182230.00044394145
38b8e0fd-1dc9-468b-822c-cf1065d9f817_8min,175684.0,119731.79946381002
38fc705c-b99f-4ee6-a00c-0d086fae8c50_8min,102226.0,63483.07507874709
3908b9f4-029a-4fa8-9a79-b94c2fe07e83_8min,91204.0,146324.45035305468
39a4704a-ad30-4194-b236-1d5e50e61ad7_8min,91028.0,110092.5029990772
39dd3050-eb9b-4427-9daf-fdeb94d65b37_8min,83954.0,133589.08080615575
39f4f3dc-93cc-4690-9022-ff8c8d76f388_8min,72420.0,138234.24211543772
3a004d23-bd6f-4533-aedf-177fa3e4500b_8min,79568.0,150574.79890156846
3a0f599e-0394-47b3-8b1b-90799342f8c6_8min,9674.0,187603.17800289436
3a727d50-8eb5-4755-978d-c350f7b7a608_8min,179813.0,94767.59351103647
3ab6007a-7831-481f-a9ec-f1c0f3902746_8min,54430.0,157305.53000183724
3b13ce47-ffa5-416a-abcd-474b58fe64b7_8min,133204.0,101435.77385814239
3b36306d-4181-489c-898b-d61e0d21666a_8min,3.0,0.0
3b77120f-da97-4a4e-b744-bd4835b03df9_8min,87465.0,108811.88769221974
3b8002cc-597e-4d02-84bf-470606426bb0_8min,104054.0,109645.0941914775
3c3a778c-cb13-44b0-b179-741ba6b381e6_8min,122737.0,121733.68200298198
3c3d39dc-49c4-4693-8487-a8abf5c62451_8min,89958.0,153091.98326997043
3c6f38ed-fbca-47ee-8e72-8f01560de59f_8min,84925.0,94025.07602001766
3c7beb0e-9475-4fc6-9e9f-2c03f507470c_8min,109199.0,122481.69381587743
3cf9537d-73ff-4add-a9e2-d3a1a018dee1_8min,125214.0,80474.16883894772
3d37774c-c3ab-45dc-9924-d8cce546ad04_8min,107556.0,176315.04222916433
3dc58384-e45c-4efd-a7b6-6c3e5032bc9e_8min,262922.0,146435.74663968783
3dcbfa34-b034-420f-982d-0b754892db68_8min,125788.0,166571.38856647693
3e994e70-259f-4e01-adc3-26a428cbf30c_8min,254934.0,107664.41902610088
3eeb05c9-1ab6-47a2-8ed1-5dc2953134ad_8min,132636.0,82917.22003830031
3f3f8d18-3c6c-4738-8d72-8c21a75d7bad_8min,32775.0,80471.58004576659
3f51a62f-4b10-4eee-bf98-a8f59a2b8e11_8min,67720.0,127582.83598641465
3faf5e12-327c-42e6-adb7-1363b57c4d04_8min,129243.0,95552.17598632035
3fbcf6a0-0b25-4f0c-9429-0dac66d4d3b0_8min,145227.0,106055.72965770827
3fde1e61-7e98-4ba0-894a-d461f17a74ae_8min,170401.0,90581.08973538887
3ff5810c-0e9c-45a4-9b89-d1d643fc1653_8min,132129.0,134115.85433931992
402988a9-0482-4169-a137-755d1090bf67_8min,120496.0,80449.58468330899
403b04a0-19b2-4625-8776-c23b112b0c83_8min,121998.0,123603.57307496844
4042d80c-dcf6-4055-9b3e-4b29a27cb8d0_8min,67579.0,100188.7469332189
40c21565-ddb6-43fc-870c-aec1dcabb138_8min,133638.0,81081.76520899744
40e49f3e-a676-4339-80a8-b8f2562a29a7_8min,189751.0,145782.0644476182
413f44a1-db69-4362-a86a-f857de04ba96_8min,61963.0,179981.592079144
414223ea-2fc8-410b-8e9a-3aaa2617b134_8min,45128.0,164916.48127548306
414e2240-c491-48c7-a312-4fc9f2037b29_8min,56561.0,189520.77445589716
4169661e-7c34-4c6a-95de-3e05781a9819_8min,115798.0,172467.2654622705
41a605c4-7b2a-4f02-a5b2-ec45a69c3aab_8min,63302.0,105103.26376733753
41ac866b-a073-4f18-a366-c8ce1a205243_8min,114867.0,211728.28400672082
41cf1ca8-97a8-4ed7-ba80-f0e0350c1e8b_8min,129067.0,114263.34909000751
41d7bd23-2f7b-41fc-8217-8f37214b7e3e_8min,152111.0,128380.54293903794
42071a66-054f-4653-af04-3b2b330f0b98_8min,138706.0,113375.21087047424
4210cd9f-cbef-49f6-b501-7f24ad4d2c24_8min,90936.0,141052.49157649337
427413e8-326d-4d89-b186-cadbf33937d4_8min,58571.0,98340.63659490191
42bb824b-5bf2-4cc2-b3ce-96dace482e9d_8min,146643.0,86429.12447917732
42d11a97-4c55-4a6f-ac9f-f74e939ef78a_8min,245470.0,107950.62207194362
431de988-1bd5-4306-8575-19f15d370854_8min,160559.0,109587.2658399716
433944d0-dcf5-4726-af90-fb72d15254c6_8min,96501.0,130589.5999523321
43c1c2b5-524f-4856-9e8c-a56502166a7a_8min,180566.0,125797.88341659006
441813f9-d2b4-4e4d-aa67-101d9e8d87a3_8min,105775.0,85396.73799101867
443aff38-fabe-48d1-b270-49e84f877df4_8min,181244.0,156254.83724150868
44564f1d-d66b-4158-bf5f-b938354d9cda_8min,141844.0,98169.61081892783
448f5f7b-0255-4331-bb5c-89d1a3134b7d_8min,88731.0,152139.23047187566
4497f518-954c-449f-bff8-311219c70aad_8min,121807.0,189033.11439408245
44cc3ce2-f6e5-4393-83c1-9b0bd984c94a_8min,73679.0,141419.300574112
451a5dfb-8ade-454f-81a7-973da6e55b95_8min,134575.0,96471.8710384544
4542824d-0569-440d-904f-bf6ec7d46935_8min,75328.0,110116.46568341121
457744f2-a22c-4130-af71-302dc89f9cef_8min,296180.0,103709.95027685867
45c683c7-0720-4fb7-a576-c6d2e66d8472_8min,73191.0,87042.48802448389
45faccbc-24d7-4ed5-b8d2-6aaf94cdbb5c_8min,66518.0,161353.85363360294
45fc3d57-4d7e-4ce5-ae10-da0552989ece_8min,206217.0,117906.94431593904
461954c4-71c9-4e01-bea3-2a173178d687_8min,191029.0,37972.210140868665
4666d143-d76a-45e7-bf98-cdaa6f0b2afc_8min,44217.0,223490.61643711696
466d2a84-4fcc-42d0-a3b1-1d1390093a49_8min,140522.0,158319.1512361054
46aacfa2-b816-4407-9824-1980616ca434_8min,150369.0,119407.69983174723
4748cd65-6152-4cd0-9b47-5a3c6b33185e_8min,77588.0,101425.7653632005
4777fc7d-27fe-4cf8-8a10-93a23f0eaae6_8min,67841.0,113769.44555652187
47a573ef-f9ff-4160-b0b5-3c6c637d2779_8min,194446.0,103145.19093732965
47b3f7f7-92e1-47c3-8ec3-d9889002ad92_8min,74770.0,112078.77940350409
47c1af6b-5859-4654-820d-c884b27666c8_8min,63714.0,153120.05687917882
47cddc38-3edd-4162-8451-86b8ba2a66f4_8min,159182.0,120476.13852696912
47ec4a0e-fa50-4c09-9743-0f07b88cf55e_8min,86549.0,114327.66350853274
4840b200-53cf-44eb-81be-858ccd9deec5_8min,108638.0,117954.38006958891
4887751d-bc39-43c5-b522-1952565ca5ec_8min,99892.0,83187.81771313018
49268697-ab8f-46fe-964f-272d8a81eade_8min,139415.0,101271.47087472654
49272a61-26df-4abf-9e5a-aa8b7549a4b2_8min,42850.0,171971.76718786464
4949b598-2b5c-4f20-97b2-641e48b6d780_8min,131132.0,127481.99579050117
4964f430-a1b0-4161-8257-85e8d7f79471_8min,113724.0,79471.32602616862
4991cfb3-fff6-44f0-a3d0-3bdb9437bbb9_8min,35264.0,123425.198219147
49e360d1-f8ef-4091-a23f-61b321cb283c_8min,88758.0,95506.8059667861
49f2b120-9791-4626-b4b3-8d9c11cf3295_8min,71719.0,142051.88201174026
4a202265-38b2-4322-b6e0-f42f2ef4efd2_8min,103296.0,104988.91312345106
4a4e0cdd-f19f-407f-a3ac-17ec56ae02a6_8min,61981.0,79830.05558154918
4b434510-0aba-40fc-8aef-e951d35cb62e_8min,180605.0,93082.99981728081
4b955a5a-36f4-4756-8c2d-1acba2ce3172_8min,197108.0,81555.8603760375
4ba6aece-6a42-4dd0-9fb4-0d8e73300492_8min,140269.0,128392.62578331634
4c89075f-2d6b-4e3a-91f8-725621cb9dba_8min,225962.0,101362.35506412583
4ce266ad-9821-486e-a249-9c5536621103_8min,96568.0,105301.33325739375
4cf69b1c-88d4-41f9-900d-1e079cc55d28_8min,171316.0,63713.14955404049
4d752db2-7149-484e-8b5a-c9115ab46c2b_8min,111005.0,59740.96768614026
4da851eb-5fac-415a-8e68-d81218196036_8min,100609.0,162814.60191434165
4e1b23a3-8829-4542-89b4-69d8f4a8c01b_8min,171518.0,130795.53677165079
4e248ae0-edb6-4189-b7fd-b76603934092_8min,149305.0,153283.8143263789
4eb38b9e-9744-4774-a49d-2908aff25481_8min,199883.0,104614.86946363623
4ebc393d-3f00-46e1-937e-61c940485b53_8min,132401.0,75581.7058254847
4ec8bfa6-6d80-4f43-9f36-facd99f90d46_8min,95059.0,142646.8618331773
4f3ad6a4-b18a-4ec5-876b-1253504be3d5_8min,91161.0,138241.76070907514
4f4684c8-fa78-4d6a-b8ef-a19137998b3a_8min,71400.0,141479.9362464986
4f54ff0c-4364-4742-bfbb-1f45d23c2014_8min,80667.0,80349.51896066545
4f556963-6682-4315-84e5-73a602fad78f_8min,66980.0,63470.27452971036
4f653bb4-aa0b-4790-b85d-13301f289032_8min,96042.0,126567.47449032715
4fa779a9-ba82-4e02-ba7a-bf62bc09862b_8min,97990.0,149465.52884988263
4fd1c797-95d5-48d6-b516-983749c1ae29_8min,169517.0,89469.18070164054
5004a46c-bb8a-49c9-bf6e-d5bdbc4ece05_8min,69719.0,104036.55907284959
503b5682-75f3-4f0d-a2a4-eae36a1bb05d_8min,97208.0,42105.57079664225
506d039c-3b55-4e08-b8bb-2b5d13dd9953_8min,161749.0,81224.76631076545
50af3520-e89b-4e83-ab66-b83c411108c8_8min,93125.0,82174.6758442953
50c39bba-04be-4473-84c7-18034e6c7bb5_8min,181658.0,91130.97877329927
50d8ae92-c65f-4de8-a5c6-61b682415d85_8min,28420.0,77240.36418015482
50dd2e7c-4805-4784-94eb-f18a41389d8c_8min,95753.0,111676.31421469823
515860a3-f643-4ae3-9ef2-104ee78c2e93_8min,135596.0,111941.02779580519
515e7e45-3c71-4329-b4b5-71c9dc262da0_8min,95688.0,88372.26608352145
51768c59-d1e4-4850-ba34-df2254227593_8min,167461.0,80779.03077731532
519fc3ca-94f2-458a-8a43-91b3cbeb2ca0_8min,206531.0,123922.5867932659
51c0ebb7-424d-4656-ae70-ad60dc274d2b_8min,74227.0,114946.76993546823
522db9b4-48da-45f3-a472-6f5ee003c82a_8min,41423.0,62996.77295222461
523e7aae-d316-4904-9e33-ab1211034fee_8min,105823.0,168136.80546762046
52a9c976-188b-48c5-b88b-430b3d88b07f_8min,69748.0,137079.02610827552
52ac2c66-58ed-4b54-b810-db52bf7a0433_8min,159667.0,137075.30755885688
52ad909d-ac63-4bc5-8077-4f4fc920c537_8min,106868.0,77583.91003855223
52cb8f9e-fdb9-4eba-9534-d51ba1dde3cc_8min,127243.0,133510.5284219957
52ddf947-ea3a-43b9-979f-00a63cf8f73f_8min,93491.0,119753.72989913468
530b8261-0fd4-4b1a-84e2-30180a4b1826_8min,72697.0,95797.6799317716
53431445-d50c-43c6-ac29-70176d08aa8d_8min,81442.0,49368.2603693426
5378c2da-636e-42dc-80a3-58f614ef2492_8min,98761.0,68089.92464636851
537ea365-d4bc-4b5a-b634-ccc1ee62a3e9_8min,72295.0,159063.26390483437
538320e6-d0b0-4daa-afbb-b418738438c1_8min,69653.0,64684.06836747879
542edc63-b25d-44c2-8811-816171ceccb4_8min,93970.0,90060.04104501437
54315421-62f1-48f7-8a3f-dfd8a965db99_8min,144520.0,132513.26419180736
547aa7b1-a10f-4f03-9cfe-81eb68f9284f_8min,98099.0,88332.95455611168
548f4e61-1e57-44d2-b06f-b4a92c3f59f5_8min,43042.0,77267.10094791134
54903d98-8315-4eea-a011-040c8d30acf2_8min,119691.0,126356.6299638235
54adfb26-fc0b-4294-b883-b80b3e4ea3c6_8min,221770.0,127388.06870631735
54cb5a3a-bda0-4322-8302-6078473baea8_8min,90325.0,133154.78954885138
550a2b79-e2f7-47c5-8e0f-1ae1bac0bff6_8min,98949.0,180695.74682917463
5577a225-e2d6-4ddd-a067-8022a8e2c425_8min,57560.0,126428.40291869354
56344b76-bbce-4d47-8bfa-4933575a29c4_8min,222448.0,97469.81957581098
563ecbb4-05c9-4a4b-bd12-2e7cc5ed7b08_8min,115369.0,143461.89016113515
568414d7-a3bc-4a71-bfeb-11e8b87691dc_8min,64895.0,119095.6930426073
56b1f3d0-4c3e-4bf9-9a09-40a3455ef179_8min,230446.0,76217.31205575276
570bf43c-50d5-4d85-9e6f-956a023fdcc0_8min,81505.0,93465.42700447825
57395fb8-65fd-4d50-acdb-97df0060042c_8min,233889.0,84092.69869895549
576c787f-dcdb-4687-b826-6079f88e07cd_8min,97968.0,141347.7507655561
57bc8ef7-1982-4b72-8016-951c0f7809cf_8min,96970.0,63393.3925131484
5805fef2-9308-4a59-a1c9-58e3e2d6bc18_8min,222300.0,118451.30182186235
5807613b-ffa3-49f7-b39a-517a83f6b8f0_8min,43119.0,147034.71522994502
58487010-8ac3-404d-b9e0-69371fe29a3d_8min,55513.0,63965.96107218129
58852e03-8d03-4837-b24f-9b01b4216257_8min,124979.0,121557.0658190576
58afca7c-bec6-442f-b26a-bdf9ea6353f2_8min,120218.0,84820.81865444443
58ca5660-edcb-4c82-ab09-064248eb762e_8min,40771.0,50049.616541168965
58e63330-9f50-4a0f-992c-b9356e6e9bfe_8min,102105.0,107166.36384114392
5921c9b2-5519-4b1c-9770-6c0bdc36c3b3_8min,119583.0,131103.770711556
598b9ffa-6f1f-4bb3-b762-961bc51e2655_8min,120652.0,89973.04530384908
598d825f-50ea-49ac-9832-db03d962f2fd_8min,164556.0,160687.54634896328
5994bf4b-ceb7-4b70-8fd0-57d1e12a47c3_8min,175889.0,104210.66672162557
5a0a8fff-4d59-4fd4-9d2a-471ba48f3de1_8min,94693.0,77389.23965868649
5a6782bf-ca8f-4748-a1ed-d6467c1d7ab1_8min,91577.0,95292.19130349324
5aa5d8b0-34dc-415e-87f2-d5cb3fae84da_8min,116632.0,157532.907152411
5aec8cac-d5a2-462e-bb62-4dbd7edfd719_8min,149210.0,87623.40611889283
5af73738-8846-48ea-9695-2a0f896e2456_8min,64466.0,114403.79181273849
5b05fbce-ff4d-4304-a1a1-a74789ecc38f_8min,177518.0,119416.17661307586
5b2bee0d-94b5-4b7f-a4f9-8fbf9753582b_8min,119816.0,96000.13165186619
5b303696-9865-45c8-b779-475af8aa7a49_8min,86276.0,172583.15613843943
5b70d221-3c23-4f9b-8165-160e495e9ca4_8min,76047.0,185162.03734532592
5baa750a-7b1f-4880-9492-4f2969e8d0a0_8min,106381.0,130846.23050168733
5bf7bb42-6d2e-46c9-96ec-398601f9805d_8min,326733.0,136810.27110821375
5c1afbd1-8640-404c-9330-117d3a3568c4_8min,90826.0,76587.81186004008
5c6618f0-c154-4b54-82bf-709689a1f68d_8min,107963.0,66289.0318627678
5c73c1c7-1787-4764-b8fa-7d58e5f4e824_8min,72600.0,70347.46915977962
5c87e8a5-3c08-468d-aa83-e9c61933336a_8min,200050.0,112972.6680379905
5c984002-7438-4d4d-b23f-eb367af9fba3_8min,41267.0,147823.27741294497
5ca514ad-f86a-4cd7-a5ef-7cf731d9ff5e_8min,70363.0,155089.31759589558
5cafee4b-5277-4b4f-a0ec-0d1cff6446e9_8min,30022.0,107398.11478249283
5d4e57d0-f219-4c4b-99d8-c44af57d266c_8min,126198.0,175714.47228165265
5d9a5663-0e6c-4276-9303-0dd3f8733271_8min,88000.0,162884.76325
5dc87c45-50be-4871-939c-b5f70c3f9734_8min,107205.0,107764.16818245417
5dd6ca7a-226d-44b9-8120-c53727fabed2_8min,90721.0,166697.1213721189
5e21066f-e86d-4795-9cd3-3475100ccec6_8min,86151.0,114144.92869496581
5e522c9e-6f03-47a6-a7b5-90878709beab_8min,100604.0,135304.0897876824
5e56fd22-68ca-4945-bec4-0e83e2ffcbf4_8min,62684.0,167782.73127113777
5ef5a192-eadd-4316-b3e8-80b3481b14a8_8min,105180.0,138552.438277239
5f30273e-e535-4486-835c-afce6f1ba5f7_8min,86367.0,90293.17821621684
5f3b7284-e7fc-4af4-b2c6-626fd68f5051_8min,219817.0,92782.94409895503
5f9d6cf6-8588-48a4-b49b-795ea230a5e8_8min,92586.0,164148.26427321625
5fcabd38-070c-4805-9114-a7e68d4faf7a_8min,93892.0,136639.30558514036
5ff57fa1-62ed-4212-802d-1ff32a83d187_8min,168094.0,127427.29559056243
5ff9c0d1-08f9-4083-a55f-d146fad267c1_8min,181427.0,106323.92890804567
6035a583-0187-4f38-bbb5-6e2b47ca5f71_8min,86353.0,79789.18878325015
6099b2de-8a40-4e33-a6e6-b84b27611494_8min,87348.0,67949.81801529514
60d6b56d-b453-411f-a553-3fb8c5d4b847_8min,120057.0,182312.74820293693
60d743f5-00ef-47f5-9e8b-5b4463a6eea4_8min,78023.0,84406.49363649181
613aa549-36a4-4227-9dd0-88156357e1d9_8min,120276.0,112827.83695001497
6160337e-e717-43ba-a994-a354e9083d73_8min,127677.0,91914.03432098185
61b49bca-677d-4a31-b284-22f4059899de_8min,98421.0,94756.89750154947
61be117e-4d10-44d7-9866-fb8153bd5f7e_8min,63139.0,107813.59277150415
61c46480-9d43-468a-9a35-be61ca806043_8min,86751.0,83269.90117693167
61eba128-6821-4e4c-843e-1fcc4656fb81_8min,80953.0,61297.08651933838
6266ff86-5701-4e5c-9d3d-660af4cce28d_8min,129193.0,97228.62270401647
62879aed-ecb9-4146-8f8a-d0b48ee0db69_8min,104353.0,182283.5946546817
629bbbc4-b6b9-4aa4-bd42-0d9844373b08_8min,63508.0,96487.66308181647
62a9cda1-398b-4ee7-964a-d08ac0f10caf_8min,44769.0,115198.70823560946
62b855cf-8303-42b5-aff5-392cd782e67f_8min,91402.0,106391.76178858231
62d41501-8214-45f3-bc17-95f2158199c1_8min,121870.0,107509.4128825798
62e23d6b-0b63-47ac-9081-627d56d01527_8min,70248.0,122133.5212675094
630b95cb-6b60-4a93-b1ef-44d2a94618ee_8min,126131.0,72282.3041520324
630d1e0e-f1ef-48a6-8b13-d3c077268bf7_8min,90568.0,111898.1772369932
63136ab5-90c5-4012-b76a-6e15a71dbcef_8min,24376.0,133901.88923531343
63138ca8-22db-4763-a4ae-b038f522a3ba_8min,84339.0,59992.480904445154
633f7631-b3ad-480c-90d7-7f4894e3bb6a_8min,100095.0,210425.05572705928
633fde71-0e41-4640-9772-e19aeb34dd29_8min,150904.0,104930.33176721624
6343a2c3-4d24-424e-b76f-bf7c2e7b1500_8min,244042.0,151770.5114201654
63515384-4026-4bc6-83e3-c377bc757a4a_8min,86625.0,125493.06283405483
635180bd-1176-4bc7-8aef-a2a34562502b_8min,81280.0,96825.86542814961
636bc6fa-ca4f-4b4b-a3cc-4afc4b357456_8min,79242.0,65393.23505211883
6388046c-43c5-4d7c-b494-3b35b8d63cbb_8min,106212.0,141870.78707678983
6389bf42-9f51-4da7-821a-190593c20c99_8min,72231.0,68229.22104082734
63a17301-d907-4ef0-b557-faa12ea67ff0_8min,159070.0,83970.19392720186
63ba1bab-23df-4dba-a772-5e4d6ce5c021_8min,111646.0,64637.95835050069
63d348f4-5a26-4b93-94ad-f3b5cfca2ebf_8min,112425.0,43261.72117411608
63d54646-cbc1-48b1-bf52-63189ef99182_8min,195982.0,79435.54716249452
63e0a542-dcde-4cb5-82bd-179a240f03ff_8min,62214.0,61522.43064262063
63f7264e-baaa-4cc9-80f9-f2b74fb2984f_8min,154044.0,97337.00540105424
64006ccd-e58a-4d84-be79-3067212e53d9_8min,129417.0,90106.25473469483
641ffd47-92bd-44a7-8686-ad7a6ea7b432_8min,85878.0,62797.04272339831
64226f32-01da-4118-baaa-3da81143ea84_8min,146923.0,142109.8525418076
6424829c-b398-4bb8-8633-d3823db194f7_8min,66963.0,94804.44688858026
64338379-e346-4353-be36-e8546a8048f1_8min,137606.0,82741.12238565179
643b8fb3-97d8-42a3-8d74-184243651907_8min,114700.0,141649.07280732345
64497ee1-2fe3-47d1-b33f-29405e9cd78c_8min,130453.0,152330.32019961212
6483300c-4608-4009-ba63-49fc4eea10ed_8min,83162.0,109239.62295279095
64b55e3d-f167-420b-bf02-f47d799267cc_8min,239703.0,133129.82165429718
64bb37ea-56b0-421b-a2b8-3e519bb3d89c_8min,97438.0,87044.54841027115
64cfacea-9e67-4fa6-86df-fc0514840127_8min,103880.0,126207.73261455525
65313379-0852-4d46-8835-1533c02f9d64_8min,112017.0,82413.76799950008
654ad274-7378-4d0a-a7ea-393c79d51c9c_8min,106749.0,111453.76531864467
656b5449-90a3-4065-9862-4d499066bf7b_8min,68672.0,86909.90578401678
65706f1f-5851-4b30-b3b2-f65eb46df591_8min,118394.0,77983.91584877612
65726bc1-daab-4195-b661-fc59bf4430c8_8min,130207.0,152734.796777439
65bdf5fc-d064-4523-9759-1ee2dff41fc6_8min,85261.0,120238.51789211949
65d6d5e0-3972-4576-b22e-7aebcb2ef34d_8min,137587.0,98004.36735302026
65d87cc6-278e-48b7-9ef0-d0a3f95b7517_8min,89302.0,102538.61773532508
6606588f-e5e1-4bb8-a8f3-be412b471bfc_8min,123375.0,76226.01605673759
6608110a-418b-430d-b8f0-2db01ab6e3f3_8min,109042.0,88090.44300361328
6674ffc4-5672-41da-8514-ab24a84d0be8_8min,130175.0,46721.71318609564
66a812c1-2fdd-47d9-8191-3d3d58bc4ebc_8min,116182.0,129398.18436590866
66a979bc-b762-4b10-8a09-68b3a7f080b4_8min,189438.0,81953.25501747274
66ead6a2-3953-4577-9377-3769b97ffead_8min,223822.0,83102.51118746147
6703c04c-719a-40f0-b186-03d92feb8a82_8min,168976.0,90341.68549379794
6705a7e3-ae29-4af8-aace-3ffb85cd7fbb_8min,196579.0,86679.1671490851
6712b90b-d0ba-4a2e-ba83-5976e75e1107_8min,130516.0,127220.00263569217
6714efed-2cc5-446b-9d90-1692fd3e061a_8min,103553.0,66180.79540911417
6718d5d6-e5e3-4254-837e-93f1eba5ed25_8min,63450.0,58979.35186761229
67366823-4059-4651-939d-4ef8fe096f2e_8min,129880.0,109792.65084693563
673bd193-220d-4242-add1-a2fc897e7a55_8min,73951.0,87870.55331232844
6745335e-424c-4b11-bf8f-d600f13700be_8min,97659.0,123330.62712090027
676ceabe-62ed-4f13-945f-91edfb6cfdcb_8min,123658.0,114457.58863154831
67898f7a-3bb2-4b4c-99b4-f227fa6c5b54_8min,132111.0,103828.84914200938
67deaa8f-a536-43c6-9803-69f2e86cf0af_8min,145861.0,107537.61982983799
67fb3bc3-8a42-4359-8026-8774a284863c_8min,168248.0,93165.64579073749
68359147-b692-4de5-8f58-befe20e383b8_8min,109883.0,137787.72331479847
683ed6a1-3621-4df5-8419-7121c8e86509_8min,147476.0,105990.57549024926
684ee29c-8053-465c-89ce-cbc80eb132cf_8min,87423.0,91667.15435297348
68b8b4f7-2833-4e6e-bbc8-d4dfd53c1d32_8min,265939.0,63322.10204595791
68cda7fb-792e-40d9-ada3-1e932d648c2a_8min,234867.0,137062.67189089995
68eff51a-2128-4987-832a-de1f5621f11e_8min,92942.0,117809.75261991349
69143d2f-c8e1-4c1b-87dc-3df0941b2ea2_8min,158712.0,132178.8185455416
69351322-2123-4d40-b93e-4b669a02549f_8min,63305.0,79980.70206144854
698c2568-d11e-4c93-9ffb-67ea12fec705_8min,164146.0,133348.80897493695
69b259a2-3266-44d0-a330-36ac495b0574_8min,80725.0,113149.11464849798
69c35462-8bd2-4abb-9f64-195cb0a50d7d_8min,107747.0,96178.12208228535
6a4bdd16-252a-4f8a-b714-cea7f055cf30_8min,99375.0,96594.46059874214
6a68214b-62a9-449c-be8f-a6473408ba7b_8min,53297.0,197535.57222732986
6b24dbaa-bfed-4b1f-a13f-8e24cdf1bab6_8min,98123.0,193120.74867258442
6b2a6c89-1204-4b28-a631-322d67272485_8min,102088.0,125007.88927200063
6b389684-58b7-4d1a-a965-50cecbb4b8ba_8min,44428.0,41490.03241199244
6ba340fe-c50d-4315-9af6-dcafdf6e3328_8min,64791.0,130675.58628513219
6bcb2cda-702e-443f-8580-b29fb7226825_8min,116064.0,104884.41003239591
6c1b1d80-4122-4d63-b94e-a8719e2f90f5_8min,145687.0,106785.9657484882
6c48656d-2ddc-448f-b80b-d6ca94edd66f_8min,91335.0,163221.09241802158
6cb18c09-653d-492b-9f3c-79b4a6bfc7e5_8min,101985.0,97227.9620336324
6cbb812e-0d9b-4150-a557-74dd6681334a_8min,201369.0,100791.02564942965
6cdfabdf-bdf6-4edc-9463-d68b1508be8b_8min,124817.0,91892.7596080662
6d0a8259-517f-4687-8d2f-57a4bd96181f_8min,68185.0,85652.15427146733
6d360702-c6c7-4168-8f77-bf589d233cc9_8min,108885.0,90744.11667355467
6d6608dd-b781-41af-8332-bb9b9c431c86_8min,96494.0,81322.88083196883
6d95a289-e7fe-4e14-b799-4b81507c65c8_8min,116086.0,131143.20331478387
6d9e86f5-51b5-4ed8-a3ca-88acfddb83d1_8min,120918.0,104527.19600059545
6dd2f5b9-20e1-4828-abfc-1b55bf7918af_8min,134059.0,93569.76037416361
6df599fa-3851-4a22-b933-4650c0e010e2_8min,109136.0,109805.92418633631
6dfad5a0-b37b-4399-85b1-b44dd6357a3e_8min,142739.0,112199.57358535509
6e287ebf-1dda-472a-9e6f-00c2fa82f8da_8min,54999.0,63341.25860470191
6e32835e-fb7a-48ca-92d1-2d39214048bf_8min,113101.0,110716.07064482188
6e35b68d-f023-4946-a249-dab2dcb6ecdd_8min,75459.0,114357.82670059237
6e71d423-c9d9-4c7e-a38b-95c1eafaf434_8min,181772.0,79840.05174064213
6e762f48-b64b-4e77-9315-6747bed2fc0e_8min,158656.0,117636.79806625655
6e7c8992-0928-4d1a-bc38-e258976353cb_8min,245172.0,158504.46179416898
6e7f06c4-9ade-4131-9522-0b07240be954_8min,79057.0,145496.53278014596
6ea1ee9d-68f1-43e6-b317-d10bf409fb62_8min,138639.0,72196.3782773967
6ed918fb-9759-4cde-91e1-396167dce06c_8min,93422.0,99776.69924643017
6f099c50-7348-468d-96c8-a462b274996c_8min,152997.0,130910.98750955901
6f3baf5e-e4f3-43bc-b8f2-2f5ce1840a59_8min,137508.0,145451.98632079587
6f3e5de3-8d3d-4071-9fc9-72e28a16202d_8min,99208.0,122876.60848923474
6f453cbd-5657-45bb-a5e6-e9f3b7c8ec1c_8min,69109.0,120853.73372498517
6f5784aa-6446-43fc-bb34-c363d99fc0e5_8min,165372.0,114758.0456727862
6f7f9a57-2486-4364-b870-ff7966bcae40_8min,71368.0,71602.02166236969
6ffd9941-c07e-4ae0-95c8-178066369ecb_8min,53577.0,61727.72919349721
7000b09c-fb90-4391-ac0d-f5c84304cbb0_8min,82915.0,135124.22312006273
701b6a46-5ac1-4249-995e-2d8f7efc2957_8min,218662.0,74812.52486485992
701b945b-3059-48cc-a8aa-0189c6a1b491_8min,332442.0,126956.7990115569
7037d10e-a716-413b-823d-96ab41fee73e_8min,186655.0,68761.40129115213
703aecb1-d53e-4799-b5ac-d7268c14309a_8min,77283.0,137037.55859632778
7057a930-484d-471f-be64-605287ebe091_8min,106017.0,148209.69652036938
7067bdf1-7b93-46e8-91bb-955c86d76924_8min,139515.0,133876.50595276494
70e729c1-9cba-4bab-b107-a76b9d8a94ed_8min,184721.0,82652.00040060416
70e76987-ed28-4c9b-8693-788ad538ad1a_8min,71825.0,82926.01964497041
70f553f5-29b4-42d0-aeba-34735fbcc17c_8min,98840.0,102165.47209631729
70f68f70-e163-480c-a46e-d79a5bb45908_8min,165302.0,164152.13991361266
71c7fa92-a5c2-45fe-b4e2-794ef33eea8c_8min,86826.0,110461.51420081542
7204c027-c774-41e3-86f6-d1bf228e6ae8_8min,136847.0,82907.47499762509
7242135a-156a-4882-b0b8-7f83d8ed79c2_8min,82748.0,180622.99093633684
7242bd8c-778e-43a6-89b1-ebfdeef65621_8min,86656.0,71417.13068916174
724da3c8-714e-4d3d-86c1-22824f3a8718_8min,73511.0,72976.67093360178
7253b1ba-ba58-42ab-ab21-9a9ae875c1ca_8min,54830.0,90709.3478387744
7258584e-7be7-4378-996a-81e8b2917884_8min,108423.0,86246.17077557345
727e50cf-78fa-44fd-adab-9d72a6a63ef0_8min,144460.0,69373.98072822926
7297c1e4-ed61-467d-8c48-07fb95e21ff4_8min,66217.0,73541.98139450594
72e506ce-af00-461d-91a9-74b877c4161d_8min,186999.0,100461.74390237381
72e59921-7aa6-4be5-9e0a-2ae469a05342_8min,335538.0,92383.90060440249
72fe4d10-f1af-49e5-a78f-3f3ed1aac14d_8min,178491.0,128812.11890795614
7317e4f7-bf80-4180-a7c8-de290dce1c06_8min,195535.0,100176.97991663897
73b7aa51-953a-438e-b4e1-45fff7f681f8_8min,201989.0,95587.20730831877
73eef9d4-042c-4a0e-977b-05d469be9cc5_8min,162702.0,84975.44741306192
74387af9-24b6-4b36-a6fa-08a1d03854ee_8min,181749.0,96023.37254675404
74452554-0722-40a4-8662-30d173e80ba0_8min,211838.0,102341.65334831334
7445d34d-cf25-41d3-95c9-48ba999c3c21_8min,95102.0,169374.1094824504
74e6d62a-ba88-4125-9556-3229ccf2ff81_8min,140370.0,83847.2702927976
752b5152-e048-4991-a03d-ff710e101391_8min,137561.0,115865.20021663117
755549fd-8210-4142-9b74-2f5412cf2fd8_8min,280844.0,110227.49053923175
755caa68-1216-4ca9-9409-3cf624a5605e_8min,87756.0,109043.73411504626
758f73a7-4ed7-4aa9-b1ca-fcf60141f804_8min,122010.0,55718.60220473732
75976563-814a-44a7-9ba9-3805d45872f6_8min,225176.0,96519.6025242477
75bb851c-6d3f-48f3-9bb7-d30c572c1fc5_8min,90660.0,87190.23393999558
75ed7604-efa2-4c28-a050-8b32ac3b5007_8min,81570.0,103482.51236974378
767b47a5-ac86-4002-a81d-fa96f7dd73df_8min,123810.0,87836.12721104918
76e672d3-a684-40d3-a017-ef2a00faf343_8min,166395.0,133444.56278734337
770a03cb-5447-4e7d-b30e-2373a01a5d97_8min,197294.0,112024.82243251188
770c50bb-a448-4075-b1bc-9fb66f8083b6_8min,108820.0,129304.81739569933
7711f2c6-2700-4fcc-8a0b-e442a4e99ee1_8min,101861.0,75604.3417402146
7749acb3-1ca6-4064-a22d-cd3edeea1216_8min,208297.0,81936.17806305419
77751929-8e6b-4219-80f8-abbbc0f4448a_8min,53575.0,91390.6366588894
77761521-3a82-4e69-a8d6-681f65778cac_8min,120624.0,81489.16485110758
777af320-0d0f-4b8a-86f5-f1b41c30528b_8min,182913.0,102027.44715793847
77884aa6-a584-4069-ae00-eba5b68f59d7_8min,124282.0,95035.43932347404
77d3ac32-47df-4866-a50e-4a1dfc2e2002_8min,184712.0,105082.07209601975
78011b89-191c-4afe-80de-6504ed23ec2c_8min,72647.0,81067.08296282022
784211d9-71e9-4f3b-a840-42193e4944c8_8min,117209.0,200221.50943186958
785da160-7e25-481f-91c6-1e93a8371e7c_8min,28072.0,170282.96341550298
78e1c2f3-109f-488b-b801-e60f9c170841_8min,103089.0,139524.02566714198
78fce473-fa58-465b-9362-032ccdedb83e_8min,198142.0,115859.13548868994
790c128e-7a85-4e00-bd21-b0a2fb785acb_8min,165494.0,113037.18722128899
7911a906-3a1d-43d2-90ce-8eb7c0629bf3_8min,72252.0,106488.43636162321
79265aa0-f691-4163-81cf-b14f3356f69d_8min,112380.0,107753.09923473927
79845cf3-aa17-430f-98a0-c12b396d316b_8min,67141.0,107601.16821316334
7991aee1-55a2-4639-bf9d-cd30e534b5c3_8min,95777.0,52877.4328596636
79ce6b68-4632-4c62-ad08-867c27aab9c3_8min,168963.0,142033.85367802417
79d153db-e79c-419f-bb76-80ea010bca80_8min,107363.0,75562.12631912298
7a4557df-0d5f-464f-a2c5-19da846028b5_8min,82720.0,96938.42987185686
7a874500-f470-4a55-b358-4bc94a825fb8_8min,318941.0,136409.9587196378
7b3acc9d-4c1b-4a17-81f1-6f338ed3486e_8min,147038.0,72138.55277547301
7b63f88d-d3f9-4d46-8340-0f37bbc923ad_8min,40908.0,145404.66084873374
7b7ec05d-7565-48b5-b147-57591ac61b2c_8min,86841.0,85674.01391048008
7b9de23e-fcc1-48da-8492-fc4f692a7377_8min,97011.0,79885.50670542516
7bca22da-64a2-46af-9c4d-10e00516de89_8min,127002.0,76120.68911513205
7bcf0e4c-70aa-444d-877c-6a17c78a4593_8min,77236.0,141641.37845046353
7bd80270-1148-45e5-9d06-41a3ffffaccd_8min,72004.0,173224.0301233265
7bf7ad25-7037-4e3c-85e3-fe9213b88c5b_8min,154972.0,77323.62179619544
7bfbf835-52ad-4074-8ab3-b76ce9cd7169_8min,91034.0,99454.33960937672
7c036803-69e2-4bcc-876d-7670176a94b6_8min,190796.0,103990.71200129982
7c8e2fa6-afe3-4c3e-b354-bbf4ea7e497c_8min,22424.0,119013.70375490545
7cc297b0-7959-4992-b17f-55d339e6171f_8min,110446.0,104703.67734458468
7ce1753d-d11a-4b28-866e-bed6f49f9525_8min,48727.0,129830.48186836866
7d03753d-c3b6-456e-b056-0a886231f42a_8min,39976.0,76765.67605563338
7d827ca0-dd72-49a0-947c-487028d416d9_8min,152960.0,133442.51924686192
7dbc89a1-ba29-4b69-ad3d-d27b8cb33b33_8min,276685.0,59299.97323671323
7ddb8c09-88f9-410c-a87e-f247c19ab79c_8min,67585.0,170564.59918620996
7e65f632-5235-48e2-8c8f-afe4549ac082_8min,142366.0,111754.81593217481
7e89f98f-fb60-4041-9dc7-93d40c52aaba_8min,83250.0,143332.15622822824
7f505351-80dd-409a-ad99-c70028cea30f_8min,94689.0,155520.57668789406
7fd08e60-cb1a-47a0-abf0-2ca6d7b14d02_8min,177536.0,90885.72152126892
800d7e9f-c192-4900-9e1d-23e3f1077cd4_8min,102063.0,110954.30020673506
802f243d-b123-47e6-9159-444c75f1dc4d_8min,74475.0,109681.71387713998
807f9fe4-de12-48b7-a3b3-fb9bceb55c7b_8min,74460.0,88779.8784985227
80ffe0e6-6ffa-4601-8a9d-4aca989fee89_8min,40037.0,65160.66558433449
81088f5d-c472-499f-9bd3-7fdcdf238971_8min,121222.0,107467.94413555296
813b2e2f-abad-4c15-a34d-1a9d50454d04_8min,298676.0,182385.78351457766
81cef1aa-a437-4ddd-9b12-6b3ab558d985_8min,127677.0,91914.03432098185
8209fe41-ae7e-41a7-af67-80a38c6885d5_8min,85732.0,186050.77255867122
822942ab-d4ab-4c23-803d-88582444aed0_8min,64869.0,220800.84087931062
82627a4d-828f-4cea-8570-2688c84e60f6_8min,95343.0,104551.50731569176
8274e607-d066-44cc-b474-a7833f6fabca_8min,93372.0,121952.59740607462
82903d30-e78f-4fad-9f32-0e86cd873550_8min,41730.0,142669.16748142822
8294a16d-5d6b-4536-a397-89a681aba8fe_8min,76688.0,95574.87677341957
82cba04f-56c4-4644-81a9-cfe9d4f30c6f_8min,74043.0,159008.12984346933
82d0e38d-bcba-4bfe-aa37-16435cd488c1_8min,60397.0,116208.21583853502
82d79d25-5a5f-4165-90b1-55b0812d454b_8min,88356.0,57847.60058173752
82e310f3-4eef-483f-9995-230be19ece8a_8min,95881.0,76554.67117572825
82f8c528-68de-4704-b31c-81fbbecf3978_8min,195407.0,157773.27827048162
831198da-60b2-445a-abc3-b512dcd7fbd2_8min,194103.0,82712.53434516725
831204cf-9f35-4b1c-a1de-8cf13cb3ddcb_8min,201713.0,97855.43452826541
835aab45-9bd8-4adb-86c7-c61395e178a1_8min,82675.0,103804.97065618385
83782799-96be-44de-941b-d30e8a6d618e_8min,111393.0,98406.08250967295
838fabac-73d3-474b-b09a-8c9205f9d334_8min,83323.0,149014.52753741463
83f6b503-7e48-4c2a-828b-fb37d56f3eae_8min,198734.0,126293.34800788994
841e091b-e6ba-48e8-ae24-89a41e4bdbdd_8min,92376.0,148326.75653849484
8429e25f-cea2-4dee-9870-2e53b16d8445_8min,103519.0,136743.87205247345
844dba85-ac0c-410f-ac00-fc30d8d216a3_8min,242713.0,130683.98386983803
848d2b50-313f-49f0-a803-5e9782837219_8min,165358.0,85208.01580207792
848fb7e2-fc40-4f33-a7fe-9126343623be_8min,180392.0,59376.28660916227
8490a327-f122-423c-a2db-bf04ca33432c_8min,90891.0,110031.38995060018
84c011f5-9ce6-474c-aa28-ff5f851f63b4_8min,58915.0,74760.23223287787
84c269ce-b180-4859-9463-303d30b01bc5_8min,48463.0,159437.6193384644
84cdf7dc-ff6f-4196-b02a-e3e1ab45670a_8min,42119.0,111640.20674754861
852e8d44-d7bc-49fe-b0d7-24bc7c494e39_8min,113370.0,102377.81710329012
853f8c0f-ff7f-4f19-b44c-d99af2fafd39_8min,104279.0,157612.8619376864
8576f2b7-f9fa-413c-bc6e-bfd89ec19e5a_8min,153222.0,102579.2856639386
858742be-c2ab-4659-8a24-f2403d207ef6_8min,162763.0,117832.93132345803
85925480-3933-4807-a586-cbbe5d88c9cd_8min,18720.0,70589.45972222222
85ef7181-acc1-4e06-a47a-d86117ba1be7_8min,107572.0,105121.07019484624
861fa750-b930-42b3-8d36-db172f4d37fd_8min,156424.0,132204.16782590907
86d47c4f-45b0-48ef-a9f2-40f238f926d4_8min,135881.0,93880.90274578492
86fe2452-1cd8-4bd3-be3d-2efcd05d9031_8min,140115.0,102708.30864646897
87273ee6-ad7c-48e3-ab30-051c991e238d_8min,118801.0,119298.47464246934
873d4e10-e548-4ad4-b68c-85e4566cc003_8min,76722.0,93076.71298975522
87769838-a7d7-4152-9566-09425ec6d3d7_8min,209896.0,78746.66610130732
87a6c43a-3359-4dd3-9f71-5593c8586cdc_8min,163568.0,119451.07384084907
87b05e6f-32fc-4da8-beaa-de687aab7cd7_8min,120060.0,72005.01040313176
87ed2bd1-b376-495c-b5a8-48eefa9b6525_8min,77176.0,42103.509601430495
87fc0172-1ac1-400b-8c02-dff4259e3b61_8min,108612.0,84508.41365594963
88b45448-d2ff-458e-83f5-fa13d07e7d41_8min,147508.0,107135.6162106462
88f08619-84ad-4c5b-85bc-07c13c3aabd7_8min,83756.0,64471.82703328717
89149b58-f73b-4454-a652-d260461ea458_8min,165459.0,166912.43411358705
8915be6e-9d22-4da7-b747-38cc499c9ab3_8min,90833.0,92114.36809309392
891a165c-756c-4443-a222-3f008af97c97_8min,168006.0,110768.36448103044
89d3ca47-da8c-4a4a-b79d-71eefee10bf5_8min,222568.0,134923.6046017397
89d79850-2568-462d-9a64-34b7c1d87b37_8min,47656.0,78489.1445568239
89ec7824-fd78-46b5-89d7-264ef441bff4_8min,120079.0,137071.70802554986
89f58053-3e63-479e-9422-13673f4cf310_8min,70320.0,80511.29775312856
8a16710f-9fc4-437b-a8cf-66984d345a73_8min,210022.0,121971.10344630563
8a49e42a-353f-4033-b7d3-7c151245c846_8min,123240.0,114006.8317267121
8a8656d5-0e3b-45a0-b26e-ffcbae1b2c90_8min,127672.0,151511.89223165612
8a898af2-f0ca-4e02-9aee-9356f3459102_8min,83718.0,95949.9363338828
8ace80e7-bf34-408d-bea0-20c07e2999bc_8min,101260.0,111380.17440252815
8b3a33fd-7cf3-4df6-8ff5-6d6fa2a9b0e5_8min,101296.0,96886.77079055441
8b734efa-7f8a-4f33-aab4-f0b2cf79d249_8min,82105.0,124000.68701053529
8b8e87c4-e188-499b-8440-9241dc0a9e15_8min,131597.0,139851.479562604
8bc0c360-084a-4259-ab19-a4885a3ddfc6_8min,113620.0,82177.58429853899
8bcbde4a-9a8d-41b1-ba97-c193baa9b0e2_8min,104610.0,91536.99265844566
8bd7ad1d-f9f0-43b3-904b-aae3a84f44d3_8min,81057.0,104394.86530466215
8ce7ef6a-023b-4d92-8f53-0562938291ed_8min,112349.0,94321.83901058309
8ddf88bd-574c-4acc-82ce-991bc875b5d9_8min,176877.0,145461.89804779593
8ebd8b42-be83-4fcd-ac18-d0e3a2fd0a80_8min,268832.0,116829.85910531484
8eebabef-db5b-437c-80cf-6b843ca102a0_8min,122062.0,108040.31358653799
8f1942ce-bcfe-4827-87d2-fffb52c6b90a_8min,133793.0,59043.50401740002
8f4e6e9e-636f-4c58-848e-04bc3f76daac_8min,107332.0,155043.11794245892
8fa08c76-c2a9-472f-8c68-95769ec6d830_8min,104876.0,84335.14291162897
8fa90e6e-c550-4fd4-b2e5-22523cb81066_8min,174561.0,81679.18199941568
8fcd5065-a046-4bce-9391-57697fff2d9e_8min,189864.0,91876.11560380062
8fe111d7-30e0-4199-96b3-3cf2a42b98ec_8min,90390.0,102544.52120809825
90181582-b80c-401f-9509-c38c31c2e7a9_8min,83854.0,57477.437391179905
9037c911-f454-4719-bd01-17a17a0e45e4_8min,147912.0,106900.12445237709
90857aca-6ed0-4459-a7f9-d8b9bfac9942_8min,63698.0,92324.16524851644
90955d1c-f8aa-4607-94f1-ca8218ae95a2_8min,208662.0,163993.95950388667
90bb967f-4f74-4fba-9565-5141c4fabc17_8min,75817.0,132206.59191210414
90bc2446-c77a-4658-8ab2-3f9d3823d049_8min,66018.0,95658.29032991003
9114de78-d869-4647-a22e-f058f413a117_8min,94119.0,66987.78877803631
9133e5d1-3f9c-4b1f-b9a3-a640b5bc6518_8min,98946.0,89668.35367776363
91435976-9107-4b4e-aa26-5a6c46af011c_8min,205160.0,80549.74542795867
91a9ac1f-ae0b-4077-9369-f1e04f9bc28c_8min,179170.0,145721.84609588658
92110c99-c404-4408-bb68-607b95e592b1_8min,126771.0,98234.9929558022
922229c5-e558-4e46-b15d-cefb56219f97_8min,117603.0,117979.18977407039
9259605b-e326-4b42-a1bc-d7a1ad8e874e_8min,61239.0,127961.71408742794
92917dde-4685-4c2d-9228-64ffa3ad30c7_8min,120440.0,126761.04672866157
92a64a8e-8221-44bb-853d-17f82c731ebb_8min,61382.0,102212.33190511876
92b0654a-0e80-45bb-9c04-c457304733af_8min,29475.0,76660.234028838
92dd7af8-752e-4fbe-86af-9a4192c44667_8min,135170.0,114228.98678700895
93232179-26fa-409f-9810-041125dcffb8_8min,108646.0,145765.65979419398
933ab64a-961c-4d57-bcc2-fd1c763625ee_8min,93057.0,165211.74372696303
9351f56c-ac81-4bfa-8813-0e9d42b13305_8min,95907.0,100928.04470997945
93529240-0ff0-4b85-9220-ea1bfd9a703b_8min,146903.0,100615.45735621464
937dbd8c-c70a-451e-b3df-77ecc752643b_8min,191696.0,138044.96164760872
939a31f1-93fc-49ea-be9f-6fb28663429f_8min,211798.0,144756.68352392374
93b3d57c-0252-4716-b822-a48d7002eba2_8min,167626.0,90707.13060026488
94223e39-abc1-456f-8b6d-b41184227f35_8min,163870.0,98352.38772197474
949ed3e4-1ebf-499f-a876-215c45f2ddb9_8min,270996.0,131366.12242985136
94d478ec-321a-4b5e-bf25-8b252d39aa54_8min,137698.0,129623.64677046871
94dde5fd-1d53-4566-b5ca-16a758379e2d_8min,92988.0,81357.38567342023
94e2a457-ec6d-4b00-aa05-76bd855809d1_8min,128629.0,136233.02528201262
9502f39c-9348-4b2c-b8db-0a7dd9b19c16_8min,106602.0,123555.56202510271
950ab5bd-35d1-45fb-b3bb-4cdf1c0a8c01_8min,99344.0,91962.09332219358
95113487-2f86-414f-90f6-2fc2ded8aef3_8min,211074.0,117116.06890000663
958709a8-2b99-48c7-9905-6e4de6754fac_8min,346414.0,143936.17311367323
95896570-f41c-4e06-bdac-20034f7d6501_8min,189856.0,117704.3078912439
959e80de-62fe-424f-9ad3-19f0b98c8d71_8min,110136.0,84856.30869107286
95e24a22-0f12-460e-94cb-a4f8cae362ff_8min,53231.0,83739.83083165824
9615bacb-1b0a-4e0d-8ec6-2306a66d7608_8min,120646.0,75608.03136448783
961b30db-e79c-40ed-845e-43e28eebdd9c_8min,124067.0,88620.13051818775
96ffa64a-7101-474f-878c-d75492db249f_8min,98238.0,89442.81739245506
970f6838-4b87-4b9f-a6ae-9489f4e7b5c0_8min,250573.0,76497.7058900999
97223781-92e4-4c8c-b15e-aec71a402a1f_8min,40365.0,96430.2160535117
974ebfc2-cc9d-4483-a51d-4988002b0946_8min,76571.0,158662.5373052461
975b43ef-398a-4976-893a-3aae69150a80_8min,144419.0,106885.34722578054
97672720-0b86-4eca-bea1-e0b398717f18_8min,67316.0,80340.52001010161
9773e500-464f-4260-b6ba-d19a34feb81f_8min,88206.0,156784.83667777703
9783527d-d62f-4df5-92be-8f21161211ec_8min,68514.0,78329.04708526724
9783d05e-6e98-4f58-93bf-3a39ac066ab3_8min,225426.0,164079.77224011428
97b9b6d8-45e1-484a-9c04-91415f3e8a80_8min,75970.0,119911.07023825194
97ed65a9-71b1-40bf-9690-559f2866e053_8min,14551.0,103252.42498797334
98055c83-d0d3-4203-9b1b-61f6d2e2c731_8min,156181.0,121403.86856275731
980da232-f236-408a-a80f-0e2cd61cbf80_8min,82708.0,100189.99574406345
988466a0-4668-4fcc-b821-4dfe023b7b88_8min,64082.0,69448.13314191192
98e21239-c33c-4359-bb86-2ef65ff192e6_8min,172693.0,119812.07282287064
9982fc0f-992a-4112-b90c-afcba35e74e8_8min,58317.0,181945.383610268
99874e21-723a-4829-a0cc-1309167d3fd5_8min,127181.0,76677.57295507977
9a0dbfe5-f793-488a-a5d9-f84271a07283_8min,89075.0,162961.2994891945
9a24c277-2ced-45b0-9209-8e4b02a7c3d0_8min,35427.0,51327.020069438564
9add6024-948a-42d1-833c-958a2f4c6a9e_8min,127421.0,96769.82171698543
9b3aab67-0ad2-44ca-a93c-e6fd5c1de194_8min,86804.0,78178.18390857564
9b4a9a2e-6c27-4904-bc12-b9941d720eff_8min,130526.0,57143.27087323598
9b605e08-6dc5-423a-bed0-2d90fbb2c4a9_8min,74866.0,62052.99511126546
9b846974-90fb-488a-97c3-b551aa96199c_8min,54632.0,178754.20281153903
9bd43406-7a4d-4fc1-8950-93614cff012e_8min,109015.0,96372.03965509334
9bfdd2cd-dd21-4111-88ae-01e83c5391c9_8min,98298.0,143551.15208854707
9c11fc0b-9c55-4c9f-8634-94c1dc3c3539_8min,83159.0,166403.13617287364
9c226f68-5dcd-4184-8015-11fb8fa92209_8min,57436.0,74354.60051187409
9c5926b0-06c6-4bfa-96f3-0f341793ac6e_8min,93494.0,125819.8112820074
9c61df24-594c-41fb-8b9d-a2b81877e34f_8min,57702.0,104972.81835984888
9c72b311-8655-40f7-bb92-e5e1e7e5950a_8min,115153.0,125935.22399763792
9c8c9a9d-6e3d-47ee-ad82-30cf0b36371f_8min,181016.0,130065.18619348566
9cb3d001-0d7b-4142-8e1b-2458f21512df_8min,297151.0,97546.18831839705
9ce9ff8b-c227-4da3-95dc-cab2936b576d_8min,83003.0,140839.0576003277
9d0621af-9234-4314-a132-e9b2dc387602_8min,99590.0,63415.66808916558
9d10ae37-79f3-4fb7-85d0-1f98207b195b_8min,131812.0,90002.43109883774
9d29a58a-5256-4d34-a37d-46eebd44df06_8min,99926.0,139740.85351159857
9d788418-58c1-41e6-89d0-de4e724344d3_8min,123559.0,90182.56377115386
9dd63de0-3a0e-47df-84fa-b318d94b9c21_8min,56235.0,101836.53319107318
9e038477-9d05-4e4d-ab8c-c055448edb29_8min,81584.0,149847.46646401254
9e41d683-0acf-46c5-9b56-e02b9a8c4b43_8min,260435.0,154977.01945207058
9e53e75a-9df1-49b3-bb2f-c41c2abb5f1c_8min,81438.0,74260.28112183501
9e6c176f-d0bc-4985-9df7-93e696ca50cd_8min,69422.0,192669.16386736193
9e8b5227-51d8-4151-8d43-6339b60df30b_8min,188078.0,128288.04146683823
9e9dc2e4-e518-4ce6-9d31-8ef6c7900ed1_8min,71580.0,114435.48473037161
9ea61cad-3d38-4fc6-ae99-051ff84daa17_8min,91810.0,77289.06298878118
9f1d4baf-1865-494a-b9b5-b100d6244ffb_8min,168758.0,115485.26267791749
9f3bcf07-cdf0-47e1-90ea-5ff7bff0ee21_8min,151336.0,80654.6295924301
9f84b513-d43a-42ab-98dd-0293b98c8e62_8min,153895.0,126530.32351278469
9f8781d2-6290-4aff-9c0c-8f64aeb54682_8min,69669.0,148051.04385020598
9f9412e0-9a65-4c33-bb14-89a9c8e8acc7_8min,219667.0,122588.5713648386
9fc3101d-d777-4874-9558-c0adb072e9b9_8min,190581.0,151562.7068490563
9fca1074-3432-4d45-bb2d-77532ec8517c_8min,115763.0,104757.61600856924
9fd74853-4bad-4f1d-a9c7-fcbf27eb1651_8min,92253.0,78806.53550562041
9ff1ceaf-105e-49e1-ace9-af54f2243fbe_8min,158609.0,110055.17658518748
9ffb6fea-329a-4a3b-99b2-5231ef2860a7_8min,126050.0,66999.2712812376
a006cb05-ad0a-469a-9d2d-4a52d1b38963_8min,96492.0,86695.97008042118
a0080573-595d-45dd-8fbf-24aca1f5b342_8min,49388.0,71336.9089859885
a0559f33-2e24-4777-be6a-503010b58e9e_8min,130666.0,105319.40838473666
a05ae687-519f-4b8b-aa92-a9f2cce1725d_8min,122841.0,98979.67402577316
a0602f4b-888e-40ba-93af-b07bf403124d_8min,221761.0,169776.0017586501
a09970a8-6521-48c1-9bc6-200f4e3ba8e9_8min,200760.0,168312.46968519627
a0c5a75a-76bf-4425-ab34-0c0619f95072_8min,101505.0,108461.09044874637
a0c7e7e7-f582-42b3-8e73-187c0a9c9f43_8min,112751.0,79932.45928639214
a0e8dfe3-ce78-4ad5-89b4-d3e84d6e46cb_8min,381840.0,57821.17716059082
a0ea27e4-1f61-4489-8b5d-7965d5a6ee91_8min,105754.0,92177.39159748095
a0ff6e00-7bd6-4953-898d-ad0a211bb0dd_8min,235752.0,99709.44694424649
a107a9f4-2914-4835-a138-03192025b2d8_8min,122689.0,83952.05560400688
a172c850-b20a-4353-9d5e-bffc0eadb6df_8min,87825.0,97850.08502134928
a1790757-289f-413e-9d8b-402005061768_8min,131146.0,107381.03215500282
a1a78956-7a6e-4ff7-99b4-52d30299cd6f_8min,120154.0,72254.4192203339
a1ca338c-c830-4c35-b26a-60269182e05a_8min,172823.0,103224.22017324083
a2080cca-fc5b-4739-83fe-4b321a1e409e_8min,109923.0,82770.7425743475
a21ad6af-9cf0-493b-987e-61a94df97091_8min,256307.0,118629.4158723718
a22489af-26d2-4cb6-97a3-ff2e3e29515f_8min,134006.0,100728.337066997
a2577591-9b53-443e-84a6-1de13b8bbf38_8min,76229.0,69759.9351952669
a2c65770-b692-485b-8e0f-0191193a6a79_8min,83742.0,116660.87441188411
a3004fe7-dd4f-4616-bca0-d490bb4f8b18_8min,90624.0,134822.3137469103
a314826e-6180-44b6-9bce-16124a567309_8min,122453.0,118289.71582566372
a37423f7-33c5-4a20-bfac-7f28417a380e_8min,146819.0,122732.31156730396
a384879f-56a1-4d82-aefe-26e657d7ac25_8min,118343.0,160592.83712598126
a39df043-3350-4412-a257-52ba88f545ab_8min,120022.0,88113.61056306344
a3b02202-81a2-415e-b883-d5e22d1faf2e_8min,133519.0,107307.10997685723
a3caebf8-cbcb-4dc8-bb06-42f1ed73646e_8min,132032.0,173453.04333797868
a3d79687-04da-4733-ae32-8f7963b3bbd8_8min,168750.0,123851.48257777777
a3f577ec-3fda-4883-a825-e2433da0ba22_8min,138171.0,110373.52818608825
a3f95f7e-6d1c-4aa6-b800-f68ae53f8533_8min,68188.0,132142.23358948788
a3fb1f2a-63a9-459f-b553-c0ca4dafb0f8_8min,123961.0,185874.0721436581
a41c6a0a-ba4b-457c-96e7-ade6a8cfb5fa_8min,131177.0,91055.08411535558
a437fb5f-9a30-4390-9f65-a2e960574bf3_8min,124584.0,81032.23551178322
a451dc0d-2eb6-4342-b58b-8bee0db955b6_8min,128029.0,103422.19123792266
a46063bc-2cc3-4a58-9bce-3ea00229d235_8min,98181.0,86701.65163320805
a472d165-aed8-4b29-b399-1bcccc85bc51_8min,108254.0,105568.67118074158
a4986dd7-c08d-41a1-bb62-0ca17e749d47_8min,60401.0,175656.7478021887
a4cb1c72-93fd-4b19-8f5a-b7850d3f8638_8min,70859.0,192342.3647384242
a50b94bb-4549-47ba-a61b-3a043e2875c2_8min,144537.0,129665.292720895
a528d9eb-d4e4-4b26-aab4-581325dab3c2_8min,96665.0,156813.66303212126
a5af1625-5a47-4904-ad05-5b4b89e0790d_8min,164358.0,59036.20695068083
a5fa4519-b62b-454c-be06-9ff921432b87_8min,58334.0,77587.75026571125
a60f81a3-90a3-453e-a682-b4bceb2773e3_8min,205115.0,73512.25748482559
a64c0b92-596f-4611-aab3-03d0222007d5_8min,108433.0,98103.00438058525
a64ee6b6-5138-437c-944c-3938bd4a5db4_8min,181016.0,130065.18619348566
a656428d-2bea-4ee0-a123-a29559981d19_8min,148994.0,65255.00048324094
a65dfc03-b893-4091-8221-7bc088966839_8min,164461.0,168698.93054888392
a6a4b1c4-1ea6-443b-a7f5-fce40069c6b6_8min,119998.0,102820.53761729362
a6de6b6b-fd5f-4002-b2b3-fc2c5aa01df3_8min,145968.0,80873.94914638824
a6e46343-532a-4104-8d96-c0e79769ebed_8min,89356.0,88027.61943238282
a6eb14ef-914f-456c-9a8a-af00cae63172_8min,48602.0,108552.07429735402
a7223d4c-d18c-4d59-9e78-6d0d8e72eca2_8min,101713.0,112471.87378211241
a750c0a7-592c-4ce5-825c-e8326d520621_8min,197974.0,156957.7211098427
a7afbfc2-2160-4c89-a019-067bd3953be6_8min,106426.0,108222.467799222
a7b12e71-e4db-47c7-9ffa-3ff48b155025_8min,44775.0,140996.34948073703
a7e31ab7-bc33-4782-9ead-83d170e4b242_8min,90360.0,167418.50795706065
a7e45d5d-cd28-47ea-a785-10bc131a0780_8min,86386.0,187069.23580209757
a7eeff1e-7674-4313-bd5e-50644f1ece1a_8min,126228.0,103873.60900909465
a817c220-25c6-43f4-976b-5cd709ae834e_8min,110575.0,167209.42250056524
a83169d3-108f-4236-ad12-19c17526ef10_8min,53245.0,106469.74515916988
a84c97e7-a552-44d1-8d0e-fc09ea945a47_8min,86169.0,121106.6684074319
a891b0b6-d4c1-454f-be57-35e46a832fbb_8min,129645.0,69792.29562266188
a8ed0503-7b46-4961-87f2-516d4ad9bc5a_8min,106401.0,99000.63337750584
a8f21925-bc2c-4ad2-8c14-145276176ebc_8min,49800.0,87618.0566064257
a91cca24-2527-4787-82d8-5db610cd6d60_8min,114424.0,156200.58391596167
a9619583-64b4-4228-ba86-d43684cc8c8b_8min,71253.0,125255.26067674343
a9ad3f25-fa1c-42fc-be9c-c1a6b10f2970_8min,204710.0,56123.44317815446
a9d36abd-8cc2-4c33-9d18-65f98f922789_8min,39938.0,103397.19309930393
a9d965c1-c2e3-4fdd-9da6-937a6c2ea781_8min,198650.0,113602.62952428895
aa1df03d-e542-4c71-abd9-c9a1e2d27cfa_8min,90922.0,120290.10742174611
aa426c92-56f3-4b71-9514-d17c20b15461_8min,76861.0,165056.0910865068
ab050924-e40c-4212-bbce-af5fec9af7b0_8min,203678.0,103790.02460746866
ab0a024f-b02c-48a4-8bfd-a65e27122296_8min,179512.0,67613.17737532867
ab3e2540-989b-4f31-aa32-cd656253b5d1_8min,65186.0,70452.46321295983
ab73589a-8a3c-4712-b7aa-81046a22a3c6_8min,78998.0,97211.04408972379
ab84f861-9463-4319-928f-a3faf107a67b_8min,125063.0,92013.75557918809
ab8f73e6-541e-4277-808a-67d68214a960_8min,174199.0,99137.89237022026
aba42e7f-676c-493a-aac1-63398e469795_8min,336904.0,125278.44638532045
aba7e2b4-d53e-4a99-bb4a-d48fb0fe5cef_8min,132177.0,97380.29010342192
aba9efa4-3011-4977-b481-e2a2cf94a4f5_8min,32173.0,106753.96969508594
abbb1c4e-4e02-49d2-a0c3-ba4e73f501d1_8min,133813.0,75626.93029077892
abc4ea15-2383-4023-8693-fb6627d2b407_8min,166471.0,126485.99911095627
abc9d4c2-4467-48b6-95ab-4a9260362fc7_8min,111247.0,131573.06658157075
abdd4594-f6a8-4485-9189-ae74edc878a5_8min,144562.0,163999.32383337253
abede4d2-4b35-4890-a47f-6d6eeb271764_8min,111307.0,124652.17008813462
ac0583c9-d904-4b65-aad4-12f9d02a07a2_8min,105845.0,102284.77996126411
ac866235-7598-49b0-98ad-43b1d0d44894_8min,146873.0,120211.96432291844
acc5ec82-f9d7-4e3d-81d2-e0b6f5215348_8min,144908.0,163555.22562591438
acce4a1c-98ab-4b69-bc33-29fbf07a75ad_8min,83941.0,114898.54278600446
acd4390b-2492-4de1-9463-75102a8c3ca3_8min,104706.0,111964.80160640269
ad168b5e-46ff-42f8-bfac-18f07f376be7_8min,101623.0,90637.48742902689
ad35d4a0-ca94-4213-b03b-4c8b441dfe0f_8min,318469.0,172477.86496644886
ad494399-5f40-4981-9442-27b500bbb165_8min,180849.0,131741.48516718368
ad5ea8c4-a4a3-4583-979a-f2d89249b678_8min,98990.0,112965.6835437923
ad886357-8516-4719-85c1-57563ebfbfef_8min,106656.0,68815.00539116412
adc730dd-785f-43c2-ad11-a990b1f1b314_8min,93151.0,94884.12688001203
adec2c5f-719c-42ec-b440-875a43fd221e_8min,103774.0,125877.95396727504
adeebfbf-f99d-405f-ae10-69a8d7274086_8min,135626.0,94660.14166900152
ae28b6ab-29ee-4651-b1d3-20e2e6b27eb0_8min,223795.0,144224.76494559753
aea7a301-0feb-4c85-b215-13872e993134_8min,54791.0,92136.01905422423
aebaaf9b-b410-4f87-a9eb-a1a15ba1e85e_8min,67929.0,50616.51129856173
af269862-7f11-458a-b023-6d5b2241dc36_8min,108911.0,178155.22736913626
af88a714-db3e-462a-9155-d7941d5afbe0_8min,86426.0,97454.894001805
b00343f7-49a2-4a86-991e-7a6e0b7fd1fc_8min,179856.0,79868.01685237078
b03e6d46-e5ac-4fe8-8c60-73aa23f2299f_8min,83948.0,83144.51406823272
b043ffb1-7e68-4117-8f4b-990ce1075630_8min,103282.0,114702.64418775779
b0713cad-0c71-40e3-ac99-89f4a6bd80af_8min,171188.0,97881.1626282216
b0846449-1b96-40ac-836e-de131c805c7c_8min,39541.0,63809.346652841356
b0916ae8-56b2-4429-8436-23829fb8cfd8_8min,111075.0,70979.36489759172
b0b2e103-821d-43e5-828a-05f9efae6f11_8min,187425.0,83068.1575190076
b0b9d022-304a-4a69-9878-deaa641c36bd_8min,101610.0,119223.29157563232
b1529196-0a0b-4350-8396-0b15faa02e30_8min,155622.0,106135.38118646464
b1bf5487-768c-413a-b1d0-d274903b5a05_8min,258077.0,131543.36900614933
b1fcf53b-3d7b-46a8-83a6-478a75c8869c_8min,189355.0,156697.1884132978
b2bbb80e-2b85-4e4d-8ada-13bc4979ba27_8min,111811.0,116574.54201286098
b2dc2f1f-b0ff-4561-9f5f-386d8713f38d_8min,77745.0,76344.60448903467
b2fccf1b-c476-45d3-9384-2d7909222c36_8min,60338.0,83596.07751334152
b3517be3-3a13-4b3f-8ab5-fdcb98c4a42b_8min,152985.0,94575.78054711246
b36214cf-7f04-467a-93a2-1caadde28d50_8min,113633.0,122817.89250481814
b3940c38-983c-4e22-a130-01556e00dd40_8min,266283.0,68034.77482227555
b3b035f2-5a96-4b85-be1f-45a948e424e2_8min,137450.0,105899.28360130957
b3d29976-ac80-4acc-99c7-6c21788b795d_8min,88587.0,68555.31398512197
b3d7ff14-4698-4ce0-bd03-1c4948496c72_8min,102035.0,71443.88434360758
b3ed6599-0885-44b6-9650-60895d2a1e0a_8min,66079.0,94487.53434525341
b3f53a63-52ae-41d7-9bdf-6f8f53d570d1_8min,175773.0,118777.47600029584
b4040e91-02c8-4ede-b7d2-03ce63a01f80_8min,87968.0,90899.93698845034
b40afbed-6b4b-4122-8307-a970ca97da70_8min,96431.0,81474.19090334022
b40d41cb-3a7f-4790-a0f4-9a989c29c942_8min,168157.0,121318.28158803975
b40ddf84-05a2-4a0e-a630-9b8ddf20dbda_8min,105256.0,97362.46989245269
b44e552c-e6c4-4e0f-af27-f7c0c9c2d232_8min,48467.0,84483.332721233
b47e9ea7-d9e8-4c76-8151-25fd632213e5_8min,265693.0,154483.722491748
b4a467c9-1afb-4017-aa5e-df936fb19650_8min,206701.0,112942.57018108282
b4e71289-4331-4d55-b0b2-1deee6a6c643_8min,159001.0,81853.08669756794
b4f00055-a204-4bbd-be73-8b0a3fa56db1_8min,35096.0,54512.55453612947
b4fed84a-2c94-456b-abeb-d5b45c71d0cc_8min,148079.0,72970.49505331613
b50fb8eb-539e-44d0-950e-4e8591ad8b92_8min,47959.0,131729.35505327466
b518a78a-3442-41f5-8c83-60dc8b0be4b1_8min,39575.0,118274.83979785218
b529ade7-ea7a-49bd-83ef-ef1b0ba0229a_8min,52231.0,145319.9679692137
b5703383-93b6-42be-a953-1f16a044d098_8min,106648.0,108345.6683857175
b5e34349-3524-46d6-ac62-42d59e84c11c_8min,88524.0,82909.08502778907
b6441055-60a6-4625-80dd-0696990a26bc_8min,146711.0,132740.47697173356
b66ff3c9-d679-43c5-b247-985493a47dec_8min,270978.0,152508.49289241192
b676074f-a695-45a1-ae99-4245a9d63d6c_8min,67368.0,77319.67961049757
b698bbf5-b39a-4c4e-ad35-112c5b1ced7c_8min,164217.0,159786.4390714725
b6f0ec9b-01f4-4f48-b68c-1cd02d2bdaf0_8min,106460.0,145117.84498403157
b75d4061-4839-47b0-8508-84a7704b171d_8min,55094.0,197882.5291501797
b781afc6-a0cf-4bf2-98f0-042697d1685e_8min,83519.0,110395.30504436116
b7b0230e-2d40-464d-9e74-b7990cde988b_8min,80525.0,137656.28581185968
b7c7aa3c-6607-4ff3-8aec-eb649aa52a1c_8min,117118.0,115284.13950887139
b88135a4-9b27-4f79-8365-fd08bf68ffb0_8min,58207.0,120486.81840672083
b894e945-3a30-4a40-9183-c4b7be651841_8min,307154.0,131601.4662026215
b894f91f-abb7-42b3-90ec-aa1faecbaf3b_8min,53352.0,112096.32971584945
b8e650d6-61f4-4d7d-b16c-bace5b8b8f40_8min,117605.0,58013.929059138645
b8e6e362-d485-4635-8e69-9f82ef5276e9_8min,85931.0,98615.80573948866
b9476a09-bd09-45ed-b0d3-ed6d938774ce_8min,180618.0,138653.81686210676
b94f2fb3-9fb8-4a68-bcb7-ec344c35d88f_8min,150653.0,108771.9556132304
ba000ff9-ebc7-41bf-914b-70896a248bf8_8min,259835.0,82251.84267323493
ba41b5cf-7e76-4fb9-9c05-acd8e510d95e_8min,73580.0,69941.00717586301
ba5178af-47fe-4653-937b-8c6ff3f800c2_8min,163404.0,95013.17783530391
ba5b0517-12f3-4059-b45a-40dfb18174ce_8min,145210.0,116498.84772398595
ba5c8e7b-0055-4982-9ea4-1b36631da2cd_8min,187806.0,127870.51066526095
ba5dbaa5-6058-4bbd-b2d0-b5dafbee3e1a_8min,115131.0,131526.4427043976
bacfed2f-c6f5-4cd3-8698-ec81d19cb774_8min,102816.0,124516.06336562402
baeae7e2-c0ea-4087-9b2d-14285631c933_8min,205323.0,116029.19759111253
bb06a638-e359-4ea9-b528-d18846bcf0e1_8min,154522.0,148891.29630732193
bb181d09-ba59-4417-bb8f-3cd3c9a167fd_8min,197941.0,109879.9532385913
bb2812d3-9de7-413e-b492-2e377ebfb550_8min,50610.0,178073.6163208852
bb84fc43-5704-4147-9eaa-a74ba0a69c43_8min,81785.0,63768.32893562389
bbe5bf2b-9964-4d01-8cf3-430872e7424e_8min,166693.0,135954.58979081304
bc0acd51-298c-483b-9324-b28d789b8f26_8min,96267.0,117508.22894657568
bc310370-1d5d-44f0-9df3-28ce8536e36a_8min,187177.0,194850.27270444552
bcce7d36-2259-4042-ab9c-3f2425c4d5db_8min,40293.0,152797.81547663367
bd13275a-29e8-40e8-8cd0-583b6a296d26_8min,283916.0,189460.04578819088
bd1e1967-bfb8-4a20-a304-63dd7553811b_8min,82961.0,196135.76758959028
bd8f79a1-2719-4d89-8945-60ee6136bce9_8min,96534.0,108980.68854496861
bdae2f43-cc26-4e21-9644-e4cac0f2f723_8min,200204.0,111192.11838424807
bdefcf3e-b1ce-4707-aa0f-b0b84e844ecd_8min,85167.0,76793.28913781159
bdfc76e0-5eb9-4ad2-8523-56f3c25bc067_8min,104973.0,101830.27050765435
be4c73b9-c8ba-430d-b5f4-cdd2d7cfd4ce_8min,168241.0,139484.89527523017
be6290c3-e70b-4e65-b793-a581704b0911_8min,70786.0,94569.34828920972
be6977f4-2e45-4a00-b951-8b7f07cb15fd_8min,61513.0,127472.11343943556
bea0ac79-4026-48a8-9e9b-d02beda3c5d2_8min,82009.0,158515.8230194247
bed20e30-386d-41ca-b302-579f161f5ce2_8min,77197.0,123691.57533323833
bf23b4cf-0732-4e28-9e1f-aab62e2c4437_8min,137266.0,90655.86145877348
bf421ba6-a13e-4da3-a62d-4b0f685e4ee5_8min,77191.0,137679.40610952055
bf6a2d14-b0d4-4653-bdf1-01167710fc23_8min,248968.0,99663.92433967418
bf6ffa89-dad8-4f18-9044-e10dd31cfb5e_8min,127951.0,138250.1955904995
bf90e795-cca9-42e3-be3f-5de647685f36_8min,102349.0,123055.13489140099
bfaaf80b-b652-4d73-88aa-952925f9d48e_8min,210002.0,129314.75553089971
bfb7ac4d-72eb-417d-91e2-059638ee607a_8min,156042.0,146258.64117993874
bfcbb24d-af09-4e84-9bf1-d44df14786f3_8min,224185.0,98171.40096348997
bfe68c2c-fb76-45d4-bd14-050a5406bb5f_8min,315652.0,69740.69385272388
c00cee22-3f17-4375-934d-e1e4e800b7f5_8min,100689.0,90670.59724498207
c00d0934-3147-4fc7-b59d-910ca4ae1c3d_8min,160096.0,76327.22003672796
c031a529-b26e-4178-bbb6-1517692f77e0_8min,221054.0,101953.76805215015
c0514be4-d4e3-4f7c-a066-fb90b9d7a0cb_8min,60737.0,122623.00870968273
c08236d5-9aa7-45ef-9498-525fde854150_8min,160458.0,73737.35312667489
c0aa4523-cac7-4e72-936b-45a551cc87c8_8min,56460.0,53749.029720155864
c1164f1c-3c0a-4ed7-9430-98a57d33075b_8min,102299.0,105016.16585694875
c17c04db-b173-437a-b7f7-746a991364ce_8min,110951.0,98369.93885589133
c1d27da9-8776-47ad-a8e6-f3fe1bc859ba_8min,228431.0,147658.14235370856
c1efd752-b3c7-4dfa-94d2-739ce063833d_8min,67989.0,78483.06836400006
c1efdcf7-8fba-43e7-ab74-a9e3259a5dfc_8min,163116.0,83219.74776232865
c24797ae-cf39-4bb4-b3a1-096a1fbcfd2a_8min,73498.0,59079.101907534896
c27fedd0-d0b0-4db7-aec0-9c4d721caa74_8min,64500.0,87973.704
c284ea9d-f691-422f-b9f4-a53b6bf9f0b2_8min,134650.0,91646.61729669514
c2885ff5-75dc-44ba-8883-11acd628f03f_8min,191628.0,163688.0128008433
c2af3db4-39d8-4461-bcbf-d6c36d580893_8min,112160.0,71584.0887125535
c2c53aba-fc78-4499-bb90-47bc3cd060b5_8min,91435.0,69750.72164925904
c2d67216-e326-4694-bf11-d4701ee50ad4_8min,83220.0,67335.86372266282
c3064cb8-b639-417a-a01c-95bab9cd748d_8min,86837.0,112969.75602565726
c3130dbe-09d1-45e2-8b37-72b7043a15ad_8min,104376.0,132648.47509963976
c379edaa-6147-4d10-8b5a-d7c4b01b007e_8min,113006.0,111983.4062085199
c37d31c4-b7f0-4a1c-92fd-227cbf7137aa_8min,203823.0,124571.47188491975
c37e66ff-c69b-4986-b10d-ff8124fd1ecb_8min,204521.0,74624.53587162198
c3c8f032-8a0b-44cc-aae4-c6f36a1c31f7_8min,74856.0,111953.93285775355
c3e2a9ec-e747-4ef1-b1d1-52f60d9991d2_8min,145244.0,73156.94377048277
c44d5151-9101-4905-bfab-71f893ccb349_8min,76159.0,65586.05007943907
c4ced03d-d683-4e7c-923e-92fcc2308bf5_8min,132063.0,163560.91056541196
c5242f58-df7c-4527-9dc9-dce70e4ca12f_8min,63420.0,105984.70296436455
c56a87fa-418c-4b0f-acd5-d2caae3ba468_8min,54725.0,99947.23800822294
c572ef38-327d-4e6b-8cb8-a42b2f289f44_8min,125061.0,118551.64002366846
c5a40f09-3e28-4323-a4a0-ed15315b7bf2_8min,103852.0,77080.3642106074
c6066863-5b0f-4dca-afc0-a25a9ffa3bcb_8min,207141.0,134414.06078951052
c611ef1c-2e26-4158-804e-1ec71b7a15fc_8min,57126.0,105035.48620593075
c618d6e3-e60f-4ab8-9f2f-414a5ab66ed7_8min,160593.0,98776.82177928054
c61c1f71-042e-4d9b-bc4f-6177f2f89821_8min,114105.0,86287.85863897287
c61f93ed-2884-46e0-aade-ff15a974ccf8_8min,133619.0,122037.34911951145
c6b4bb69-2fc3-4124-8fb6-cab3ad433635_8min,103812.0,67006.43036450507
c6badd65-d2b3-4883-8c39-bd8ad2aa4e45_8min,132026.0,128221.39614166906
c6c36700-5741-45ad-8a76-338b3e0444df_8min,72724.0,64395.8181755679
c6d24d6f-4057-47d9-8bf1-fdd689e8233c_8min,132438.0,132933.45738383243
c7177de1-eebc-47b0-85ed-ccd8853e52fc_8min,59710.0,144111.9623178697
c717c8e9-f5eb-40fa-8f32-61b6a7e16d0e_8min,114912.0,108660.27600250626
c73d606c-3698-43ea-a225-25e923ffe135_8min,105420.0,114144.91258774426
c7893ced-8492-4e90-9412-c4e5a2415592_8min,314915.0,126106.73475382246
c7fb7ffd-c62f-4ced-842c-1fe83b75ecbd_8min,55717.0,67379.23563723819
c805b7d8-5ec0-47e7-8d51-d44fa401bb55_8min,192465.0,87443.32071805264
c809d715-1954-4137-8906-e90141a0bcb6_8min,86653.0,150915.54312026128
c82de33a-504c-4f3b-9ad2-db96eb234108_8min,177841.0,107197.59157899472
c8684d21-1674-45f5-907a-7c760f48df8d_8min,378381.0,83480.08980102066
c868858b-257b-486e-9f42-f0b8e1e50c15_8min,113861.0,121314.35968417632
c8722d1b-4e36-4445-b891-ab6d2e683549_8min,100273.0,109757.79136956109
c879e8f4-6b7a-415a-827a-5f96a92d545e_8min,185963.0,52390.198378172005
c89f8e79-26a5-485a-8657-372e4a650e7a_8min,165494.0,69499.61115810846
c8c0cc0a-2754-44c8-a53c-37ee599d425d_8min,63974.0,115823.57446775252
c955972c-1cb3-4f59-bfd0-8368a3fd9f37_8min,165311.0,100931.06126029122
c9b6229e-f156-40ed-84ad-a676ead2963a_8min,64435.0,96315.65116784356
c9ebb6e6-804f-462b-8e99-6d545c7f6bd7_8min,23383.0,78388.590386178
ca096e18-d958-41b0-95b2-f2ec115ced49_8min,179546.0,88251.24162053179
ca151f59-3f63-4f7d-ab66-a33920b0f112_8min,129383.0,99066.84780071571
ca2c9297-8c26-415c-98b6-55c6d76a21c8_8min,78568.0,110019.58913298034
ca3a4e2e-d8fc-4bd7-bd84-e0724e151c38_8min,94072.0,103937.44145973297
cae6ad82-e684-4395-a322-775f02bba940_8min,63362.0,147852.20496512105
caf9edde-29e1-4db8-a863-cb31f4ac0ab6_8min,113473.0,103719.16907986921
cb460b1f-49bc-4138-8a88-f2721fdfe5cc_8min,84087.0,59437.71854151058
cb5ce473-97ad-45e2-97c8-a2bc033e2664_8min,113135.0,40577.66124541477
cb754190-b61b-4169-a632-0626eb67704b_8min,119185.0,77238.96841045434
cb77d462-795b-4259-8051-1395565e3afb_8min,126566.0,110134.7773809712
cb8fedc0-321a-4ada-8591-6a4eca3b6bc9_8min,103187.0,99208.58460852627
cbaf2bb1-e80c-4764-9205-f6928fd1eed8_8min,66423.0,182619.44781175195
cc794606-e2a8-4786-9959-b62e8882b812_8min,139223.0,117436.44660724163
ccacdd6d-56c8-410b-8bd5-d863b4bf9193_8min,1172.0,121951.03754266212
ccd386bf-2b3c-4ba9-964f-1be73e192b00_8min,156234.0,79892.06600355876
cce2a62d-084a-4154-a892-5336be9065e1_8min,109856.0,78489.598601806
cd2cad24-1d07-4da5-9d88-2fb5fcc3695a_8min,74318.0,94713.96536505288
cd7ccb23-bd97-4eec-a99b-f5facf417d08_8min,61189.0,114145.44643645099
cd8cca32-c772-4814-80d4-1924d5ae85ea_8min,120518.0,153556.92782820822
cd8fe908-c869-4f52-bb2e-8ebef2241d95_8min,74755.0,125379.6091766437
cdb0b3f7-bcbc-4a59-a43c-a55bb9b82be9_8min,83721.0,76855.58923089787
cdf47a64-8aa8-4c7f-9e06-7486c9f84f8b_8min,155462.0,98072.33031223064
ce299a8e-fbf0-413f-8041-e12a37fa063c_8min,211661.0,84449.11589759096
ce67f95a-e3d4-450e-a266-17f5694d9ddf_8min,186599.0,152235.5049759109
ce74bac6-cea8-44d9-9814-bd80e148f231_8min,178656.0,57596.62739566541
cee498c6-6012-4411-8053-803943c003ca_8min,162398.0,103005.2823372209
cef3d369-da77-4011-b570-1bec25f9a530_8min,66312.0,46480.96020328146
cf027405-8fc2-42ce-9338-77c3cac1e0cb_8min,158519.0,106477.91130400772
cf62568f-1998-4250-9e86-a012fb8ec51e_8min,87759.0,98557.32970977336
cf87521e-b2c5-4e48-8664-173e6db02632_8min,113340.0,159122.5774483854
cf9c84bf-f848-4211-b58d-84805e96e5e6_8min,110849.0,169735.64886467176
cfb9512a-d6fa-40d2-b57a-35378af88b8d_8min,162509.0,85715.61597203847
cff09c8a-8baa-46e4-8338-daf1bf3f15bb_8min,98367.0,152770.89446664022
cff9b197-8220-4512-a6b3-2c3283afe21d_8min,81249.0,98578.09361345986
d011b7dd-cf31-4e01-b81d-bcd28b4085f5_8min,40027.0,83256.23109401154
d030cdb3-4a1b-46a3-9e87-0af542473b5e_8min,211432.0,74358.84170324265
d065dbc2-c7a3-4cc2-b60f-bc42b9e4b093_8min,93556.0,148027.9019517722
d06d0bfa-8ca1-4ed3-9c1b-984791b41737_8min,103709.0,113406.85539345669
d0787239-37f9-4186-9f5f-a5a5dcfde797_8min,83273.0,150720.3921319035
d092fded-97ab-4efc-9bde-79d18d1fea24_8min,130327.0,95827.9721316381
d09bdca5-17fa-416e-86bb-6dd15fee8712_8min,25649.0,166926.62072595424
d0efed9c-e337-4643-9dfc-fa7ed8535d73_8min,131491.0,114887.69644310257
d109ae75-d1ac-4b03-b0da-67da5d768e3b_8min,86587.0,127830.72053541525
d13deff3-801e-4b6e-8642-83cc89c20f6d_8min,78904.0,63527.50653959242
d16510f1-8126-4745-9ae5-4f8c45eb6f3c_8min,124524.0,76881.77896630368
d180603d-a93d-47b3-a601-fcb14532ccc9_8min,109065.0,60788.02613120616
d18158ce-a3b4-4683-910c-b84f0221a3d8_8min,109576.0,117937.6680386216
d1c1ef24-5283-4993-a233-9c77f4253996_8min,131084.0,103257.51315950078
d1fd0ac0-1330-40ff-ae94-0fc479b77cb2_8min,93700.0,75609.46570971185
d241f26a-b062-4c0c-9cfd-1f70835cbee1_8min,125230.0,146110.26737203545
d2d15d2a-705a-4870-9aa9-effa1ba5cf73_8min,41899.0,72438.59478746509
d303c0e6-82ae-4fa6-8ad3-7882696b7b63_8min,212297.0,186475.5346095329
d30c25b4-d00b-4784-8e63-5b6e0cd75fbd_8min,93136.0,78075.22339374678
d363952e-9531-4835-ac3e-860f2d0fbe97_8min,138401.0,151309.51047319022
d36bea52-94dd-45bb-84aa-1edd550f29b3_8min,116430.0,125857.5624838959
d3fdc532-2ad9-43d4-b809-623d503bb07f_8min,185441.0,149473.73113820568
d455ab08-3b7c-4e3e-8fb7-bbda9478e145_8min,69915.0,105430.75967961096
d4a5b1f8-a7e1-4340-9f3f-135141d0de03_8min,83771.0,79946.82890260352
d4ac53b4-75f9-4ba5-9aca-2bb450436dbb_8min,145568.0,99211.12323450208
d4ec7b54-32c5-45a1-9334-ad1b9f5df78f_8min,148252.0,74923.54583412028
d55265db-8c81-40f0-959a-4afc98db7ad1_8min,162928.0,116185.67011195129
d56506db-47fe-403e-bcce-f95befaacefe_8min,169986.0,91787.91447530974
d5aec246-accd-4726-bdcb-afd2d2c5bc96_8min,237775.0,106358.4129197771
d5c28d76-bd3e-48f2-b59d-6344bef6d1e8_8min,82974.0,93306.38160146552
d6676d13-0dc3-4c4a-83a2-1666df76c69c_8min,34958.0,167071.12669489102
d693e668-9e8e-46af-b75e-0674b44630c4_8min,117851.0,157958.08645662744
d6f1a80c-c4a8-4bab-bb1a-cbe7d1b9276a_8min,69448.0,70135.78463022693
d789f17e-45ee-4c3a-b242-ba99c457dd03_8min,82612.0,93829.65732581224
d79d0e9b-f6f5-4efb-a2da-7917c1bb348e_8min,192941.0,86728.28994355787
d79d998b-bd1c-42dc-8b2e-e7e1e42f5b56_8min,149797.0,119203.767198275
d7ca037d-9e16-4c8c-b2a9-7ce855ca50cd_8min,148103.0,67620.62153366239
d7e532d2-6594-424a-9203-54e78d85ba78_8min,146420.0,79370.10936347494
d8162aa7-711d-4efd-a1ba-8a0742c71e6d_8min,123926.0,69063.50553556155
d879f67b-73ab-4e21-b6b3-04c2b0d88395_8min,58490.0,74206.08992990255
d8edd87f-615e-4926-8335-00efc732be76_8min,210827.0,95756.40772291974
d90dcff6-236a-4b85-b532-cbe98d86df17_8min,107186.0,105514.11227212509
d90ea9a6-0dd3-4a57-bdeb-26d71fbf5568_8min,171917.0,70409.88930704934
d9395d37-39ca-4358-aba3-ccb82963109f_8min,115172.0,94318.35736984684
d97782b9-25c2-4c7b-b2a9-09e471fd8f9b_8min,71185.0,84102.10068132331
d995c89e-c1f0-40b9-8412-1f41be516f3d_8min,104369.0,81343.1192978758
d9df8e86-612f-44fb-b4cb-ff22cb14bc2d_8min,185741.0,94290.83797869076
d9f4cffe-38ca-480c-b8ce-0833192e968d_8min,216744.0,127704.13434281918
da24ab9b-8a58-4532-9596-1d22233be464_8min,140882.0,125831.61518859756
da299558-8f1c-478f-8dcf-203390e22c43_8min,113678.0,112838.37258748394
da52aed2-e846-4619-bad2-f3be739c566f_8min,157121.0,71195.70109024255
daae1f92-9887-4668-ac68-d08da76f5f20_8min,151053.0,65588.05460335113
db2a5fef-7f4e-4c84-aa7c-c3c3106dbe38_8min,175803.0,123645.2492960871
db79a9d0-1f42-474f-990d-941e4b244e3f_8min,145933.0,99024.67419980402
dbe7b0e7-f44c-4f62-9656-7079f50081f3_8min,95601.0,132195.70582943692
dc48a794-9574-485f-9153-23e5aa5eed68_8min,153742.0,111018.21861950541
dc669e7d-1b9a-4f83-80d6-2256a4630efd_8min,100773.0,135442.44948547726
dc746423-90d8-436f-af9c-3fd712ec48ff_8min,82093.0,92356.71925742755
dc9ac509-b5be-4520-87e4-00ef7c665fb1_8min,80292.0,162497.17034075625
dcbdb298-2a53-44b4-a954-244c09761c6a_8min,126638.0,125271.44848307775
dd73eaa2-6a30-4f4f-ad8a-4cfeb2f9026a_8min,179172.0,70014.87011921506
dd9e7290-f03d-4e0f-8583-3e60aa01cd7f_8min,127130.0,133157.74935105798
ddb66c1c-ad24-499d-b9a9-5050bddba88c_8min,123408.0,67958.81031213535
de0b3ba7-076f-42ca-8746-8fb2a7321684_8min,170257.0,116955.39214834046
de0f81fa-7458-4018-a95a-f45dab93badd_8min,140367.0,134126.23205596756
deb9dc3d-4a1a-4d63-8fdb-babf54157a6b_8min,82717.0,98524.03838388724
decfd5c2-3653-447c-91ff-d2f09159f10f_8min,314881.0,88795.74141977445
ded670ca-178a-4423-ac68-e06ac8b5e227_8min,134740.0,106012.70340656079
df4a0f0f-b2e0-4aee-b0aa-47afd2706af0_8min,92698.0,113951.6129689961
df988f36-ce61-4b14-812a-02f7c3e3bd31_8min,145429.0,104833.95229287143
dfeee373-eea1-41da-b72e-d1828980986a_8min,125516.0,173192.39774212052
e06d36c3-2c57-4447-8923-0590a9c47650_8min,92076.0,115205.02416482037
e083f70f-b542-47cd-bdca-7b285b4b23a2_8min,179283.0,106768.67417992782
e13bae34-7bc5-49cb-8540-75122d7f9f4e_8min,122367.0,154579.84284978794
e144b759-f9a6-461b-a3bf-3597de83b4ba_8min,143107.0,91111.4056055958
e148d9b3-7e0b-43b4-8a51-aaee750deda9_8min,49387.0,80627.55498410513
e19e1984-544e-45b6-b247-96663392f223_8min,121614.0,135373.23187297516
e1b87f37-6428-4729-8741-586734b16cf3_8min,222331.0,97863.50461249218
e2116a78-f018-49e3-b536-3a38619b1c3c_8min,152331.0,135329.33469878093
e23ce6b5-cfd8-4d70-a8a5-5c5666fed4ff_8min,133749.0,95631.9128292548
e26b6a0c-2ad0-45b6-a0bc-9bd53efafdf9_8min,101423.0,126702.6777259596
e293eac3-1441-49ca-8393-3951b89ec411_8min,112827.0,123181.2013081975
e2a1504e-291d-4737-ab16-c1855a2e21a1_8min,121070.0,135194.5315602544
e2e0d6d6-2cca-4d9d-a778-31944d4728c8_8min,182188.0,124967.1807363822
e2e6dcf8-0343-48d2-a15e-bfd157210039_8min,86462.0,121956.21260206796
e30e7c3f-15ae-4093-86d8-534e774afe95_8min,90537.0,111351.01551851729
e3518a3f-ab79-4a63-800f-3848f852755b_8min,151815.0,121103.21673747653
e351ad2c-b1f0-42f4-8e3d-24531b304779_8min,122387.0,101636.80585356288
e3a25f30-eb50-4566-9458-3954bc6a88f2_8min,143093.0,101413.21049247692
e3b33151-667f-49ed-a82c-9036e4f2572f_8min,42561.0,108967.50442893729
e3ea7584-3d0c-4b0f-901f-24865d876f97_8min,100979.0,94445.74108478
e3f33695-612a-41c2-9117-7fed735219b9_8min,135262.0,90209.78774526475
e42ca3fb-1beb-435a-9866-a0f74e48637d_8min,65744.0,138648.70785166707
e479cce7-331f-4fb1-a89f-42423d56d42f_8min,115175.0,131687.76074668983
e47f82ce-9236-44d4-b0e3-831eea27b540_8min,102722.0,94116.84201047488
e4996c95-ee9c-4d42-904d-3c7754dad007_8min,136038.0,89812.01050441788
e4a65d99-3b1a-4fec-80aa-810bf8389a0a_8min,136872.0,143284.5864749547
e4b0a8da-790e-4e31-91bd-ceef1effd7f5_8min,101923.0,157635.16259333026
e4e73736-27a8-4335-ba79-c7e16adf0e10_8min,134587.0,74446.16862698477
e4f705a5-0622-42a9-8d07-24d940033ca7_8min,106453.0,144852.20935999925
e5a7cd27-2358-4090-b9cd-32a4e8619a26_8min,101841.0,117226.31367523885
e5f36602-7a3e-483b-ad50-e9f3bb5161c6_8min,46490.0,151009.65087115509
e5f3d8f3-fb0e-4ab7-b885-148beca86deb_8min,183468.0,143760.36830400943
e63e014a-02cd-4b39-85f7-551f04858b83_8min,103347.0,102941.14143613265
e64faf20-85f8-4ba8-a78f-0ffbd9de46b0_8min,81780.0,85566.91224015651
e67432f7-3233-4fe2-8ef5-49019de884dd_8min,101461.0,125503.96420299425
e694348e-50c1-4961-bdd0-b5956889d39b_8min,180889.0,124846.32676392705
e6d1e07d-a28f-494f-92f0-257beeaa4b3e_8min,91038.0,56605.55459258771
e75306bd-5143-4b74-b28e-da4090f43c4c_8min,154418.0,174665.34201971273
e7646dda-4132-4af8-a68f-4acaa14e9b16_8min,69601.0,113495.53871352423
e76a5aaf-f38e-45ca-82fc-4e704a0d69aa_8min,119837.0,80937.42456002737
e7a446a9-3e19-4e88-bfd3-648a18594a96_8min,101596.0,82921.91660104728
e866b63f-1bd5-48bf-af9e-1e56a7ffe344_8min,109427.0,101656.56292322736
e8b66922-2925-4e1f-ac7e-1f739c396027_8min,161505.0,151474.8221788799
e8bfaa32-2e49-46f8-90d2-96df691feed2_8min,187988.0,91818.31056769581
e8c0de60-4123-4a90-a700-fbce90071ad2_8min,99541.0,156781.11204428325
e8eb5626-8d24-4bdf-9aac-ec8672d362f4_8min,181092.0,96893.51451196078
e924b9c9-bd0b-45ae-980f-164754144bef_8min,106455.0,112415.30200554225
e94726bb-ec4d-4f8f-8b65-684dd4fbdf5c_8min,238912.0,66247.06904215777
e96d6c13-a3f5-4440-96f0-e9914a249b07_8min,99954.0,134294.4546991616
e974250a-cd4d-49a9-85c9-6cfb7103ebba_8min,190627.0,93980.28247834777
e9a67d76-9bdc-4b11-8453-c372f9c728cc_8min,70461.0,120185.63220788805
e9bf90ee-68fd-495b-83b7-600151f42490_8min,119038.0,130565.50719098104
e9d79819-6852-4493-a6bd-a8bd21fe4744_8min,81932.0,146088.98042278964
e9e4b353-4d2c-42e6-9dba-cea71b115879_8min,99632.0,124762.60480568492
ea57484d-c379-403d-87b0-583545d785ac_8min,145331.0,88648.69025190771
ea87aa6b-4c66-411b-8974-fab73a3a70b0_8min,124118.0,117742.8513350199
eaabc63a-de73-4c5d-8051-9ca5cb3da2f1_8min,110876.0,138371.75816227138
eaac10d6-513e-4290-b8a8-c8a9ccc6c3f4_8min,54255.0,78456.75014284397
eab1d6d3-08bc-482f-babc-197ccb41c066_8min,24759.0,112676.55624217456
eafb9888-e144-479d-b6f3-e07343592e57_8min,115603.0,93358.04050932934
eb51aefc-4bbc-4710-8327-9e086b464d7a_8min,46366.0,231353.76228270715
eb6cd7be-0eb2-4d6f-8941-9af066b31935_8min,84246.0,123090.45322033094
eb6def6c-b74d-40d0-a270-e6fece777f80_8min,47466.0,112150.80577676653
eb6f49d0-ece7-40f3-92fd-0b1daf28ff6c_8min,87914.0,89302.92266305708
eb70edea-357a-41e6-8169-0862044c5d05_8min,212690.0,56084.86406036955
eb749130-36e2-42a4-bc74-b547bfd9f75f_8min,103281.0,88082.99453916984
eba7c1ae-6ecd-4f1f-9a5c-0fdc24fff083_8min,148552.0,61971.91577360116
ebeb3639-5aa0-4939-99f1-2fbdb9d037a7_8min,129203.0,84701.56264947409
ec38dfac-8d9a-4d37-9b0b-e3ae606738d9_8min,66171.0,119915.24276495745
ec3e2743-772f-4230-9052-5171f700395e_8min,93123.0,94724.48773128014
ec3eaed5-f856-4dc4-a154-04ee83bc720e_8min,88523.0,137316.36156705036
ec457901-ab3e-4a67-8d61-8958c43b7cd3_8min,58946.0,69705.96942964748
ec730fee-e072-4769-8042-3a133369b213_8min,51440.0,107025.73524494556
eca5a258-92cf-483b-b1f8-1f0b0fb350c4_8min,210578.0,95984.74742375746
ecb27697-40a5-4f11-bb31-14f49a3ac0d4_8min,146552.0,163327.33603089687
ecc09e87-dc44-4a04-8c95-c510f46d41ce_8min,92636.0,73233.20767304288
ed15ef18-cc3d-497f-bebb-c047276b66ff_8min,114538.0,60405.49807050935
ed77915c-bbbf-44c3-95b9-a39bd21c30c1_8min,61044.0,175211.93411309875
ed77a529-522a-4834-a02d-1227c704a209_8min,124627.0,120300.7355147761
ed965f58-dd75-43d3-be29-0dcfa4494c89_8min,71281.0,85163.9046029096
ede2e0c1-0c49-4164-97a0-21b0af28360c_8min,66758.0,65574.06126606549
edf8b48c-e9fd-405d-a732-666887d30cac_8min,76031.0,121254.20913837777
ee3060ee-3b72-468f-8716-c8d965a5e49f_8min,91896.0,92093.6355445286
ee6228f2-820e-434a-9382-e20d0a9b2e17_8min,93443.0,67162.123508449
ee7a5e5d-c4a2-4194-a8c6-615bd479773b_8min,65872.0,104684.46862096187
eed91c59-8849-4f9d-910c-f0f4df9ecd91_8min,68026.0,85415.92935054244
ef177679-5d48-41ab-94a3-7804207794bc_8min,91518.0,89243.26708407089
ef318305-2afa-4f68-9c00-83a9b6d24e5a_8min,32759.0,153283.31841631306
ef65bf52-f5e7-4835-8065-c192bd0b461e_8min,141974.0,116559.99864059617
ef82b122-7624-4414-92cd-38df9d515ca8_8min,193797.0,133959.189172175
efe9959d-f5db-491e-902c-2d76849ab7a4_8min,189732.0,87378.59902915692
efe9e3a9-2e83-4c83-b9c2-3904931af92a_8min,82406.0,107363.45361988204
f011f1f4-e07a-4e3c-8721-a90c94b671b2_8min,56593.0,71747.5949675755
f0153801-87fe-4da7-b596-0083a8ee55a7_8min,254405.0,105920.86907096952
f03b2a66-a095-477a-b8cd-17ee363af41a_8min,164062.0,129602.7461813217
f0874c0b-de20-4267-bff5-1d0356b8edfe_8min,141128.0,129293.7803412505
f0c8f030-4360-43d8-a96b-d4fdf4416c91_8min,68639.0,91734.82559477848
f0daa14f-ecc6-4f3a-b5fd-7a1d6c9f6afd_8min,88684.0,141150.7187542285
f0dd0070-8f92-486d-8d13-711c85838072_8min,84700.0,100029.62689492326
f123d531-b425-4897-b007-f33890f3efde_8min,113126.0,91948.70465675442
f1309407-d347-44de-bd3d-f14685a5152e_8min,106971.0,104477.44848603827
f169121c-8d2c-4da5-a24b-205942b4eed9_8min,36527.0,190386.83732581377
f2c9e122-927e-4a95-b456-177dc16c129b_8min,123653.0,93070.87199663575
f3441df1-d8a6-4cb6-ac50-50682da0bca3_8min,120306.0,118983.99514571177
f34f9d49-8d05-4c05-a61b-77759e4a4d67_8min,49709.0,107316.33199219457
f367b32a-ba8d-4a2e-9bf4-96209fca57e6_8min,96731.0,96074.82512328002
f39e04fe-1af3-4238-9fee-3afb264d3c6c_8min,116540.0,107595.46989874721
f3b1bab5-405a-4eef-9d31-7707a64cca71_8min,362386.0,129026.41985893495
f428a42b-37c3-4818-8321-d80918e6c321_8min,121355.0,45815.09744963125
f4513975-1674-4a2c-a707-8ae7bbf5fe2e_8min,108250.0,119278.94588452656
f46b8a60-6341-45f7-9b3b-b9e617dcc6dc_8min,118899.0,55484.120446765744
f4fcf335-3f90-4cee-b2b2-358f906001c0_8min,119262.0,109877.84424208885
f514ee46-2b6d-4c3b-b860-5b502b603dc5_8min,97951.0,74656.54644669274
f535e8be-12ca-47ea-ba03-a1bfed3458c5_8min,124417.0,170103.85347661492
f53bdb48-8d63-401b-a8fa-d22855b7ce0b_8min,176485.0,124945.72253165992
f5ac5b38-4036-44a0-8af0-9a69b9b9465b_8min,94502.0,81062.65115024021
f64c1e5b-8db7-4faa-b281-8c8dbde04bc8_8min,59953.0,74761.34483678882
f67897a4-bf9f-41fe-9a38-fec005664df0_8min,73730.0,69855.3490031195
f69f2ce7-fb94-41dc-9d9d-51690cd3b280_8min,50788.0,87570.62754981492
f6fb7ab6-ab25-4286-9854-59189b74e97e_8min,107434.0,114705.52973918871
f7568801-e855-462f-9d6c-a1269b3b89f0_8min,122639.0,87268.52290869951
f75fdfdd-b467-4999-86ae-0f8f923c741f_8min,104021.0,151266.3152536507
f77f42fa-d11e-4f88-bc6a-a020612dfa3b_8min,112821.0,134233.81783533207
f7997d37-46d1-4f45-ad61-8d71687d1d19_8min,103685.0,95182.2415875006
f79ae65c-efba-4a82-98f2-16482b805862_8min,308486.0,86627.30709335269
f79d872f-38bc-41a5-8ef1-4a875fadffa0_8min,82707.0,126553.14877821707
f7b29ff7-e3f8-4c3c-ae07-874e5b25a425_8min,103137.0,140460.70638083326
f7f02529-42cb-4d32-ae1e-610f98ffacf6_8min,235682.0,125700.14030345975
f871e99d-7fab-4d7c-9ada-f35d5fe929b9_8min,110530.0,65018.85300823306
f87407c4-ee33-4461-b310-946e12e22514_8min,118433.0,109951.73096180963
f8eac547-d92f-4b5e-a64f-35d960681add_8min,88242.0,130051.02222297771
f95d541e-dd8d-4c82-94de-c2215a0d50f1_8min,135294.0,73413.43685603204
f96d00bd-1592-4a63-87fa-c0caca818881_8min,95249.0,88646.38491742696
f990e984-bf7f-414a-af29-50cba362e8f8_8min,134772.0,114800.74714332353
f9ab52ae-7fa5-41ea-a426-e2d7220320af_8min,51475.0,132447.0068188441
f9da62be-36c7-4431-94dc-03276b169e23_8min,93699.0,98725.85740509504
fa21f59c-d663-4770-bcd5-708ddd7cdedf_8min,104980.0,172608.02765288626
fa28ed72-88ef-4ef7-861b-0afb8a291a75_8min,58039.0,181372.2758662279
fa2cbf04-e82b-4173-9ee4-ad6b360f2781_8min,36247.0,89393.57381300522
fa5065a8-6dd0-4de1-9349-3b24184585e7_8min,156373.0,123014.00966279345
fa5bfde8-d4fd-4c8e-a471-9119631e97e8_8min,73006.0,109385.35424485659
fa5e34e2-f692-4f22-9df0-df03597ece24_8min,130191.0,102875.16809149634
fa61666b-d527-46e7-9b4b-9ed1be3073f2_8min,111587.0,124058.33779024439
fa68fc1a-5e26-4644-88b4-e5cc1821fdb0_8min,114397.0,107598.18914831683
fab5f6c9-892d-44e7-a029-2c2359d658c1_8min,126572.0,131937.42763012357
fac09035-87b1-435c-a0d5-8479b9db9d6e_8min,68034.0,74763.55434047683
fb2484eb-7875-4049-889d-7ac95f9a78c1_8min,121224.0,106496.43667920544
fba5ca41-ee4d-4028-8f26-5d65cebd48d9_8min,149036.0,139469.73701655975
fc02e97f-362f-4cbb-a9fa-c595a78c9f7b_8min,138823.0,94527.1628764686
fc141e31-383e-480c-aed9-5541c1f42efa_8min,125733.0,133349.63600645814
fc31eede-55f2-4f7d-9ca6-0024bcfcd084_8min,132928.0,133645.03852461482
fc73759b-8605-480a-85c1-6ea681e769fb_8min,111900.0,132713.93307417337
fca9c8a4-7c42-4b42-881e-cdfdc8cd2683_8min,188211.0,110094.37708741784
fcc7d1bf-e389-4c7b-ae74-efbaacef8349_8min,138020.0,75165.49678307492
fccf302f-4dd2-48b2-9a90-e7a35996e121_8min,132027.0,67982.41543775136
fce6ee04-e704-4e4e-a68f-b0469d4a964e_8min,183487.0,116879.61092066468
fcf4b0cd-d551-4843-9e44-0b457fb9cfe8_8min,161637.0,102162.79935905764
fd13c9bf-e52a-4291-87b2-2f132fad922e_8min,115704.0,90595.16543075434
fd47c711-7f66-4060-9a9b-7cfba7aeb0bb_8min,94136.0,152063.67402481515
fd4b785a-2efd-4bd9-97eb-62c70a4d03e2_8min,192259.0,82043.64678896697
fdbed7e8-7aaa-497f-84b4-bc49360d4429_8min,133284.0,168720.10929293837
fe31ea74-8f3e-475c-b745-6b2acaba9871_8min,68839.0,70218.64983512253
fe4d28c9-856e-4525-a0b5-99d78e34a784_8min,137353.0,76244.14156225201
fe78408e-edbe-496a-a296-d27d2c9f1654_8min,145417.0,74168.22002929506
ff202e6f-253c-4332-8fc2-b7852d5c385f_8min,132414.0,85797.9078118628
ff2d144f-69c4-4145-9cdd-bd41b48fdf82_8min,188745.0,80054.19681580969
ff630de8-e992-4897-b308-587114ac617f_8min,173809.0,117921.85129078472
ff68d4b8-c93f-4eb3-954b-bfd4e4a06298_8min,60315.0,89072.26789355882
ff841696-b456-4157-9de7-514e98521abc_8min,94767.0,125482.15332341427
ff8fc44c-208a-48c9-97f3-b118cac1a7b2_8min,260881.0,88803.02869507553
ffbe3466-8b83-4dca-b24a-cbec3cf144fb_8min,122966.0,114317.2385374819
fff3c51d-034a-49c7-b4cb-94622c8f0cd0_8min,161487.0,52228.47420535399
